City,city_img_0
Aalborg,https://encrypted-tbn1.gstatic.com/images?q=tbn:ANd9GcTEHF9wce28cLJr-54XAYU2bv85Cp_RPJNqtFYZF9_LAkXfbYA5sBs5vw86GKZ2ElARm4WxoV18i3dWXg
Aarhus,https://encrypted-tbn3.gstatic.com/images?q=tbn:ANd9GcR4GiQjqcsbAyglKmf71U2JTFv931eE5sS9d9ugmoxs2yMq3-SHE-P-SYIIrZklqPU3POP3cU_tmbFdgg
Aberdeen,https://encrypted-tbn0.gstatic.com/images?q=tbn:ANd9GcQToM2tsceV8ZGobcHUb8vqfgfFXbGpYl_0aGX0nZrnkLUTDaD14R3TW00v5UFv8gpKqpcfQY3esSYo1g
Adana,https://encrypted-tbn0.gstatic.com/images?q=tbn:ANd9GcS_wZais6CvzBnUu-6pEtYvrbnPFVnlf74eVKFzIpMQd47OCALLSY1Q5rRLoj7MBWwDZMwuUpqtoV0qyQ
Akureyri,https://www.akureyriguide.is/wp-content/uploads/2020/02/DJI_0038-1-1024x767.jpg
Alanya,https://encrypted-tbn0.gstatic.com/images?q=tbn:ANd9GcTc0x7nNb6emA_zknhyWbtRiecHwiVxDxIopZfdjFB54Ljp5-B8DuSvUcsr984v0xuWGOrIHHs0qTjSPQ
Ålesund,https://media-cdn.tripadvisor.com/media/photo-c/1280x250/10/61/49/49/dsc-0495-largejpg.jpg
Alghero,https://encrypted-tbn3.gstatic.com/images?q=tbn:ANd9GcQ4nqKJLIZeS9pdpFdxqvWAkkk8lP5bHKXAmtDk1nlfK_qZyYqz8OKhPwAtOGSZXTcAuwW_gsFaUNS-mA
Alicante,https://encrypted-tbn3.gstatic.com/images?q=tbn:ANd9GcSrab8-zKAqZKnrQb_mniiXv4N_ctgh2vw0ogC-R7cCKFnplI_uOUeqkNYGdr4eUbhZCG3KFt8JkFfkmg
Almería,https://encrypted-tbn0.gstatic.com/images?q=tbn:ANd9GcTPBrkOExDeOwWSsW9iVq8HTNbVaYluLayu0AgSJNbh7HnfoHUtbgAFB4UxyX3rnBnY21xyvtw8m78BBg
Alta,https://www.campervannorway.com/assets/img/blog/406.png
Amasya,https://encrypted-tbn2.gstatic.com/images?q=tbn:ANd9GcR0xJn_TKlp9L1MNRvUt9yoYn68wfwaPDRFJ47WiH4OmP2VOJjojSk7zy_Y9QS-thcCL1JNhHtDTSU2mw
Amsterdam,https://encrypted-tbn1.gstatic.com/images?q=tbn:ANd9GcRTHETZVxU4_OrKq24sf7n7HS_0ca3__1_Urs251dzMXLn16tZy8J8x5i1phGimLkrbGL2gDKGrA-U35g
Ancona,https://encrypted-tbn2.gstatic.com/images?q=tbn:ANd9GcR75Vb1i6IIgMpD7hGC4smvdNlcjYP4YAEhgWsVjNk4qY0UBieD3P8KGVIA5HytC5r7JYNi1xmUVJEy7A
Andenes,https://encrypted-tbn1.gstatic.com/images?q=tbn:ANd9GcRb1t2oWs1cyiOcdc-kbjNC_fkPhfzygp-su40chH2TNgfjyerpTJncdoBrMHvp-IPE4eaoMhuPtEHlfg
Ankara,https://turkeytravelplanner.com/wp-content/uploads/2024/05/Ankara-castle-view-scaled.jpg
Antalya,https://encrypted-tbn3.gstatic.com/images?q=tbn:ANd9GcRF8MBPntQDunjzMKar5WERJL_ubBKl2YfJZwYj88egB2fhBgKdDwR0B7CdEq8cNiHFrN8XqJQVhGO3Tg
Asturias,https://encrypted-tbn1.gstatic.com/images?q=tbn:ANd9GcRXPJoo5Sq1A9zygwdJ_ZmakmZ4V49Kp8bxdck7RHFZ_ujZ8LkfDVjGXDHBvUuZHf_VT1yAiBqmsr7RXw
Athens,https://encrypted-tbn0.gstatic.com/images?q=tbn:ANd9GcRBT_DUJ4gR1mP40zFCP-KW9of6TX7NxVWoVk7hf5o0HoK97ZF8oIk6kUJTCu7WWw-BFX5hXs_8mWRgUg
Bacău,https://media.istockphoto.com/id/1224392538/photo/center-of-bacau-city.jpg?s=612x612&w=0&k=20&c=6YZvSNqeBiQGeQYwwoeGb-ZLTYwwWSvHT20_UeG74hE=
Baden-Baden,https://encrypted-tbn3.gstatic.com/images?q=tbn:ANd9GcQvTjn-Y00kEzd99frBUr5KHgoGrFVLcEkhT2238tEn-hn4JSajifm5VzA6oddk5FxhcwiOJCPSt2NNJg
Baku,https://encrypted-tbn1.gstatic.com/images?q=tbn:ANd9GcRmeaduauRyEHIpvHLgqqhaq2vC3Vg1DS26ZHGMFBm4PdQ1XzWtYKAUQOGJoQVRqwCncwJ9kh99EKtKfA
Banja Luka,https://encrypted-tbn0.gstatic.com/images?q=tbn:ANd9GcRtEhTpL3Xcy6uIaV-NxYz7iWsjgYfX1fkKznAH-SzL0LdQct8HC78n7-gW96hOLa6yIs7QqkBLjLeh3w
Barcelona,https://encrypted-tbn0.gstatic.com/images?q=tbn:ANd9GcQOk3xypjQxrqfZPlTUH5lubWcGBzOkdXv7IVkOL--w1FYohepC2Y1hN69JZMcmQsAOt2hIy7EWP0SfXA
Bardufoss,"https://assets.simpleviewcms.com/simpleview/image/fetch/c_fill,h_1080,w_1920/f_jpg/q_65/https://images.citybreakcdn.com/image.aspx%3FImageId%3D8248961"
Bari,https://encrypted-tbn2.gstatic.com/images?q=tbn:ANd9GcSWOcc0yWYC-7KH5u49-8Qehe-qfBH6q1hlYeV1WGjxdH8WE7KXR-GcwekeArhu4p3dzHSqt9fYczthGg
Basel,https://encrypted-tbn3.gstatic.com/images?q=tbn:ANd9GcSPvA4hobVuWFSOMIcCN7AairFZY0FR4tfr9uk0wUHhEmMjn-9A4VOYfsvbj4ThT_ErLI5ssr_wRuy0eA
Batman,https://encrypted-tbn3.gstatic.com/images?q=tbn:ANd9GcSnjx-gujt9lX3WN8F6eulS6FBjjBZqTgOkajapyAs255EpPk2-XDfSjMZZDT7HCqE9uqrs8barpWIjiw
Batumi,https://i0.wp.com/mytravelation.com/wp-content/uploads/2023/11/Batumi.jpeg
Beauvais,https://encrypted-tbn3.gstatic.com/images?q=tbn:ANd9GcTkIhw_sVE9piNBu_qXjVn4MBfiSqCR_1b3-U9J4OGFaz6jms-POWxF1JasTUgbsostTPwfvgLvf484jQ
Belfast,https://upload.wikimedia.org/wikipedia/commons/thumb/3/32/Belfast_City_Hall_and_Big_Wheel%21.jpg/800px-Belfast_City_Hall_and_Big_Wheel%21.jpg
Belgrade,https://ychef.files.bbci.co.uk/2000x1499/p0btlm66.jpeg
Bergamo,https://www.introducingmilan.com/f/italia/milan/guia/bergamo-m.jpg
Bergen,https://encrypted-tbn3.gstatic.com/images?q=tbn:ANd9GcSv56cAhOUBnF0R1YT8uqGny8pI0oI0go8JUOy4hAe9CXNms8L9M8SsuEH-efh5AGEzOAeXHwMcGjUjUA
Bergerac,https://encrypted-tbn1.gstatic.com/images?q=tbn:ANd9GcQK8A6NVbUiwAdafBTgTte5rBhRv0Kxck1HDn_ATkYC6Po5QKwMKvI3Wz3hwYSXsFqUbd106jivANirQA
Berlin,https://encrypted-tbn3.gstatic.com/images?q=tbn:ANd9GcQt2sQ7Aqn9XDqztmoYElQwE26oMklrcGD7-ZuKOUPZVDpWlL-yn0uHraRpfjA9kXtiLrBxI-YW45Rn4g
Béziers,https://encrypted-tbn1.gstatic.com/images?q=tbn:ANd9GcTIE6y3tfS3xNHXApxDyYiWeT_60aoh4-VZLqY7mv5goiK4E8l9EtuGx6KnlbznD5U5NFYRuejNqQKvvw
Biarritz,https://encrypted-tbn0.gstatic.com/images?q=tbn:ANd9GcRRGwaTjjnuR5bvVX0mmKg8ImbqO95yRZkdO6Pbk3opCOyUCsWrZ4BfJIKgpOoIIW49ZzIv5jrEKdF_Yw
Bilbao,https://upload.wikimedia.org/wikipedia/commons/c/c7/Museo_Guggenheim%2C_Bilbao_%2831273245344%29.jpg
Billund,https://encrypted-tbn3.gstatic.com/images?q=tbn:ANd9GcQhf4sByWg_YEJNz1d19wJLT6ejxy8bKpzTR9JrKXITpLuNDPYBiHwXH-3TgAEenP4rKmnwxc7CFQs30w
Bingöl,https://encrypted-tbn0.gstatic.com/images?q=tbn:ANd9GcQi40KE75tRXUEOulI4aoushTOmLIOFApIj4w&s
Birmingham,https://encrypted-tbn3.gstatic.com/images?q=tbn:ANd9GcQvQu1l_2hoKVRsdQzUNRry1SIgfYbAi2wjaa-EPwfY8MQPP08CXw5eoBSU82GLLPbEIw4RP8PV7HCo6A
Bodø,https://encrypted-tbn0.gstatic.com/images?q=tbn:ANd9GcTS2j8iyuhLFsr9ouYl_ow0vIhw9NJsCccxtLPfzr8HDkqa_uRWktokeHbBCr00ZuJFKz9VytwQnr7HKA
Bodrum,https://encrypted-tbn0.gstatic.com/images?q=tbn:ANd9GcRH_XOEMEQT6HKBsjlOAptjICl1xHb0KmNztWHlOrQ_VJ-dybUZWckYTQjWNKlzylqao0ejylTuBHpiFA
Bologna,https://encrypted-tbn3.gstatic.com/images?q=tbn:ANd9GcQ0oCvHqK9gzMgl13s6yHykCKSh51uOgl36B-NdnXTq9HyEIfzHm5ifq3bwKsXuKLxKUX_JD7uNAaLF9g
Bordeaux,https://encrypted-tbn3.gstatic.com/images?q=tbn:ANd9GcSPwpSVF3SALVaZ_pfu-qwc8J_AmxhfVA2PLKado_Z_h_gKxATSU8HT5kEwJZ9LZK4cek0GzKnFNfuaCQ
Bournemouth,https://encrypted-tbn2.gstatic.com/images?q=tbn:ANd9GcRp1ArLbG9Xsp0rgmP-QHzrG7Jt-Q3Bs28drXw3JW-kssKK3eq3eEpEoes-yn7_UtWXcLTRclcL4Nxk-g
Brașov,https://encrypted-tbn1.gstatic.com/images?q=tbn:ANd9GcQ2GMJ2dDvwjWQDOAlIjrBQwKYUZ-XZpHUqg4ynX9fQHRZgCg8tQu-Jv8HwN-3zq6cQ3GA9HXT2yLKHkw
Bratislava,https://encrypted-tbn2.gstatic.com/images?q=tbn:ANd9GcSm3SzysKmS0OBrkJpNBNtTsS8dMeOHkJoGa20Y9SD-Kle0V1Iy182oI22zEQ0kAd_vXj56DAvdUohEyg
Bremen,https://encrypted-tbn2.gstatic.com/images?q=tbn:ANd9GcSFfwtLZiiUsTJRFk5sIl9f3Dt3-OTqhBerJJgXbl1F6BWY5I6N09OmiJ3P6jcj813nDOnzIZs0p8CJWA
Brindisi,https://www.msccruises.fi/-/media/global-contents/destinations/ports/italy/brindisi/cruise-to-brindisi-italy.jpg?bc=transparent&as=1&dmc=0&iar=0&mh=1395&mw=2460&sc=0&thn=0&udi=0&hash=B037408B5A144D9FCCCBECE88242E931
Bristol,https://res.cloudinary.com/simpleview/image/upload/v1709821253/clients/bristol/Street_Art_Upfest_Six_Sisters_Credit_Hannah_Judah_456a3325-8730-47cc-b89f-87e81953e47d.jpg
Brive-la-Gaillarde,https://images.ctfassets.net/zfxytrk6nf7m/677wyI8P3eJmMo1XmANeTD/56e8261c4c629422cec51549b877c119/Brive-la-Gaillarde_-_Gare_de_Brive-la-Gaillarde_-_20160528__1_.jpg?q=90&fl=progressive&fit=fill
Brno,https://encrypted-tbn2.gstatic.com/images?q=tbn:ANd9GcTtB341SnjHl276WSYAfCM0hVEw_b5w7yXDGXYIkq_OVt-sgwe6kO7e0p1fe7XSW83qGeXAGco3QZ-eSA
Brussels,https://encrypted-tbn3.gstatic.com/images?q=tbn:ANd9GcRIn7vzriQPtnqUpMwNMNZsZkbkPp6ulyZFG8ueQMxK8owxSxT-_ibT7ou7CgKbMpw_VaK6YyyGbp1kfw
Bucharest,https://encrypted-tbn1.gstatic.com/images?q=tbn:ANd9GcSPNSSYsqcFoX0TUUvoOL_Vygw_AmbKHoF7J51Cg85ve5RQoa2AaGJyvXeEBF6cKp351VJdhkpcb8nJEw
Budapest,https://encrypted-tbn1.gstatic.com/images?q=tbn:ANd9GcQddVbgWLnkCm_DPQokks09HQ5Lrej2CFHzia2QO0Hb-TZ0JAOFNKjiajTMtNCtPvBI9zh932k7CtIVaQ
Burgas,https://encrypted-tbn2.gstatic.com/images?q=tbn:ANd9GcQiEfrVOEcJqjurICVco898AA3-oYjNdOaEhycOc0Rru42lNePDlDSQkLBpupstbr5TWn6Fhefz9OZKFQ
Bydgoszcz,https://encrypted-tbn3.gstatic.com/images?q=tbn:ANd9GcSTwX9Qv7Layh7VTmAvUsIedyD8bCBn5HMe23r3hkJ5T_Bj4xjzmcAJJennzaVZcrJfCFFjQhozwcBwKQ
Cagliari,https://encrypted-tbn3.gstatic.com/images?q=tbn:ANd9GcRPO9b75VQ9gyAhMURKjECymgJHsBs4Wa94RCWJcwkRWKYsAEUZxatYRlymNr37agJHPC1E26zYAwCl0w
Carcassonne,https://encrypted-tbn1.gstatic.com/images?q=tbn:ANd9GcQsJxa_WYcFXz9Vu-MP5rLQ8ubMCT0qqi8tEjqO0j471x24KBuIGSOt9Vl-fzY7OBnrMgUGC6T7vM2qjw
Cardiff,https://encrypted-tbn0.gstatic.com/images?q=tbn:ANd9GcTzUPslG77xa34Z7UVzjTw3-lu9K1gx0EmElcXtkoPmCjC4h-PE-jZv97OcV1vxuj6K_ngFIYmALW0a9g
Castellón de la Plana,https://encrypted-tbn2.gstatic.com/images?q=tbn:ANd9GcS6guoPYkyjG_QNf0FdJCSe67-f0OVFLkPhhSlLSvl9cLFVzzWPtJYJJZ5txQnMwWDxlpWEUljSQ2kuJg
Catania,https://encrypted-tbn3.gstatic.com/images?q=tbn:ANd9GcRR5YF8GQKqDGe1e0_mTeOXBUbNlSAJr6z0QgVTdUaq2G_-dIJIkArccPAR8T_CIf-YvDsKxuxDl9i2Eg
Châlons,https://www.chalons-tourisme.com/app/uploads/chalons-en-champagne/2021/04/thumbs/place-de-la-republique-pan-de-bois-reflets-teddy-picaude-1920x960.jpg
Chania,https://encrypted-tbn0.gstatic.com/images?q=tbn:ANd9GcQ3yI8tWlZWsyb3YbzRm422HAx8Ua9NszyYabRClKVkQe2MvNbDLlivhpoGD1sz5OkYF35HO2PFEPPBmA
Charleroi,https://encrypted-tbn0.gstatic.com/images?q=tbn:ANd9GcRbsRylLaq6BoCxJQCeW4M0jerYawiQYmgA0w&s
Chişinău,https://encrypted-tbn1.gstatic.com/images?q=tbn:ANd9GcRuwX6tNQM0k5edeDDrXAnU7Hzy7-mAp9AGs7a4vncQ6sxI5uPw92O8HP2eJenrPwc2SYPnIo_YJu2cXA
Clermont-Ferrand,https://encrypted-tbn2.gstatic.com/images?q=tbn:ANd9GcThWdVZnYyjEn7agWcvyo6K_4CzZB-Zv22fkabFZ_FJ_iqFl0H6Aa4p79cfyrJpr_LxTRCmSCYoCcemnw
Cluj-Napoca,https://encrypted-tbn1.gstatic.com/images?q=tbn:ANd9GcSvHWWUl99NdJvbEhEGBq0KtiAAtFkB-VQT-TMwqDdEde0uxaHOz3V_Kbv1kJHWssZTPw1evTGj-fWl0A
Cologne/Bonn,https://encrypted-tbn0.gstatic.com/images?q=tbn:ANd9GcTlEcasQuivDpzVj3hT8RQnLmDc2iPEbhqT3AZA4QEJ9L_6cO1FJjoj8-ZI78r-4TBH0DaGqhPclEx0xQ
Comiso,https://encrypted-tbn2.gstatic.com/images?q=tbn:ANd9GcS3FQCn_Fo7um2iWzHIizwXgd9xHoKPKzV4Tb1cB3TcOJbP4Tkoy25Bugc4Egk5OdGkyzv11rcj4trP-g
Constanta,https://encrypted-tbn3.gstatic.com/images?q=tbn:ANd9GcT6a9RejlOkzmmYfR4yIUPbikX4hDnf85sWh2JswdqLvBzOzxiUfUhW2-pG2hwCYveuk6dGsDuGl9i_ug
Copenhagen,https://encrypted-tbn2.gstatic.com/images?q=tbn:ANd9GcS4ImQuJkXWaesL3lcN3xChTsNy9v3Y4ZmoxNJLJGrzs1aJeNo9x7f9rRChCUkxvXYKrPeDVomZPgnhsQ
Corfu,https://encrypted-tbn1.gstatic.com/images?q=tbn:ANd9GcRmN5Vnp12jRALv7gmztc097u08cdr5HCaJWSU5JmqWBRtGnqwC3OjZikkYs2Nr3UoVZgzUh52ZRXUaew
Cork,https://encrypted-tbn3.gstatic.com/images?q=tbn:ANd9GcSW6X_8Fe9n1qYVf3mXN6bf4bkT-SqWxvn3UtcekmPnbPtlXFGfp10ualgoPUhuHF-phg4_Cc80_1SyUA
Craiova,https://encrypted-tbn3.gstatic.com/images?q=tbn:ANd9GcRt8bkEleXSYt12omWYoIsy-xAUHmeHOiK-47Y1cFA_CtMNqSMaaIxtT_C8goOqt3rnxV9nbt8_zlgdXA
Crawley,https://sussexfilmoffice.co.uk/wp-content/uploads/2023/10/IMG_6165-jpeg.webp
Crotone,https://encrypted-tbn0.gstatic.com/images?q=tbn:ANd9GcQTo6yc9xa_CkS5TgK6OwR1gdaTPbwN6cjC0js4oWZOL8FuLerbIf5Dc2SSxo5oo9-6v-3EYF06VhwPrw
Cuneo,"https://tourismmedia.italia.it/is/image/mitur/2480X1000_cuneo_destination-2?wid=1240&hei=500&fit=constrain,1&fmt=webp"
Dalaman,https://media-cdn.tripadvisor.com/media/photo-c/1280x250/0b/e7/90/5a/img-20160707-122045-largejpg.jpg
Debrecen,https://encrypted-tbn0.gstatic.com/images?q=tbn:ANd9GcTFhiPc5IEh3_uD6gymDm6wFECECgr6BL-1mWGvfQBaHm8ZUpcpCyIAd2ju53TLzh7U5t-pGPXSNu_sAw
Denizli,https://encrypted-tbn0.gstatic.com/images?q=tbn:ANd9GcTSs7lQ7FLklFKiCBcwhQ8txJueGuUDZ9E-3Uy3vtmJBNXWBA3ZW7CDSF9sBKOi1OVIQ14bwgtCAiMH-g
Derry,https://encrypted-tbn0.gstatic.com/images?q=tbn:ANd9GcT-TNdx-_YosYzEBXr7_TEGIac3yvuJRnSjtL8mify7gyr0ZueQqDdtOyin5vVWdG28rHZib4LBPUas7g
Diyarbakir,https://cdnuploads.aa.com.tr/uploads/Contents/2021/03/23/thumbs_b_c_699f852b641e4867d0322a671a9d843c.jpg?v=093000
Dole,https://encrypted-tbn0.gstatic.com/images?q=tbn:ANd9GcTEJdI5zKZeWJc9HQzNmUC3eyt6qphLrG2PEw&s
Dortmund,https://encrypted-tbn1.gstatic.com/images?q=tbn:ANd9GcSe8_zEaIdagwcaMxUAK8-6qhjO1_K36UZKoFWXxFVMVwjQvJWCuQLHZg-0nJkgH2OsppuwSDPCitNL1w
Douglas,https://encrypted-tbn3.gstatic.com/images?q=tbn:ANd9GcRChKgeUEHrT8RPGccLdsguzZ-Hd7jPEZ_H24sOKakTys5gvVI662BmTJ3JDRqWwTHV6ctIH3mm7UladA
Dresden,https://encrypted-tbn2.gstatic.com/images?q=tbn:ANd9GcQXpQkPs91F19sY2OiDgK7s3i0Gu5iyOpJcRizrqTKLpZOZRVlytSURwNOmjdc4DMugcB8X0QCAo_6-uQ
Dublin,https://encrypted-tbn2.gstatic.com/images?q=tbn:ANd9GcRUVfCTV5xgYixYxp9UOhA5ofqUKBl8XbfPb45Rp7j9JA5MCx7rteV_i4J8PMAVOddTkuNYVl32hPpUqg
Düsseldorf,https://encrypted-tbn3.gstatic.com/images?q=tbn:ANd9GcQt2sQ7Aqn9XDqztmoYElQwE26oMklrcGD7-ZuKOUPZVDpWlL-yn0uHraRpfjA9kXtiLrBxI-YW45Rn4g
Edinburgh,https://lp-cms-production.imgix.net/2024-08/GettyImages-2149127090.jpg?w=1440&h=810&fit=crop&auto=format&q=75
Edremit,https://cdnp.flypgs.com/files/Sehirler-long-tail/Balikesir/balikesir-sehir.jpg
Eindhoven,https://encrypted-tbn3.gstatic.com/images?q=tbn:ANd9GcT3nfsKTDnhkvjWGnxG0KE_8w7YBXlFDqoKXwYRpXg5WyrgcoHlurrCA9eXQ8Uj56Zsd9saDfhaBw6_kw
Elazığ,https://upload.wikimedia.org/wikipedia/commons/thumb/2/2a/Elaz%C4%B1%C4%9F_City_Center.jpg/1200px-Elaz%C4%B1%C4%9F_City_Center.jpg
Erzincan,https://upload.wikimedia.org/wikipedia/commons/d/da/Erzincanmerkezi.jpg
Erzurum,https://upload.wikimedia.org/wikipedia/commons/thumb/e/e6/Erzurum.jpg/640px-Erzurum.jpg
Evenes,https://encrypted-tbn3.gstatic.com/images?q=tbn:ANd9GcQhf4sByWg_YEJNz1d19wJLT6ejxy8bKpzTR9JrKXITpLuNDPYBiHwXH-3TgAEenP4rKmnwxc7CFQs30w
Exeter,https://news.exeter.gov.uk/media/4042/official-exeter-is-one-of-the-best-locations-in-the-uk-to-retire.jpg?anchor=center&mode=crop&width=730&height=487&rnd=133408958840000000
Faro,https://encrypted-tbn0.gstatic.com/images?q=tbn:ANd9GcQYdA7c0VUWZdEOO2jVYjCXSSqWoZocZPAUJZM1N_vbjawSBGidfUzOQ6lAAkhK0PDBautK-_3k_7Gd3w
Forlì,https://encrypted-tbn1.gstatic.com/images?q=tbn:ANd9GcQ3YIOPNJoyr8iRsZx5IRGUkVYRcqRxtyM0GrqMNaKmbwh9GQJ8_DslaQSYiOykU_vlDUKx6aoRL6ANtg
Frankfurt,https://encrypted-tbn3.gstatic.com/images?q=tbn:ANd9GcRqdKUfBWQXvmp7-Y6p2lZnjO0xPPGMl7Wnh1tOp4QR5QfoOyaq2AqdvByEgXmwe_eGAYewCKeUlXGxqQ
Friedrichshafen,https://encrypted-tbn3.gstatic.com/images?q=tbn:ANd9GcTnKoG2u6EuzgHhPvvJLFgiFjCG-MGvvkrt7q3--pK4QRbq_SgY5-QGxyWOG2nWHNGeTAEHaKeSNOC53A
Fuerteventura,https://encrypted-tbn0.gstatic.com/images?q=tbn:ANd9GcSbdxhK6ZPrxOVSEvUmo2RYC4DfQvD7bwJePpfXns1XX45BCsey5sc5X2wIRysdVCcqZRLTR2SWV18vww
Funchal,https://encrypted-tbn3.gstatic.com/images?q=tbn:ANd9GcQE8Qqd5bWFUvLIcXQDnQqtJbDI_D4F_rrIHnFnBIr1_AURQDpnL8cu2SdgNiLxF2lTDXqTP4wxTIUhkg
Ganja,https://encrypted-tbn0.gstatic.com/images?q=tbn:ANd9GcQIEf2H_v9nBRGi4J4uw0OMsxKMGYzxEYx1Rg&s
Gaziantep,https://static.toiimg.com/photo/38011843.cms
Gdańsk,https://encrypted-tbn2.gstatic.com/images?q=tbn:ANd9GcQNvACIaM1DA4w_vgTNnIF4vzMrsWP1x21QxVaRXjFX4QAiv3A2O5SfdOaSXracPGjlTY6PRZ7KqAEbOQ
Geneva,https://encrypted-tbn1.gstatic.com/images?q=tbn:ANd9GcRgx03CYHtPmXwLBBNkpK46NZNFpo0abz2FkXT5FhaXoGQRaSF8ye8xTvvwNh7caWVT8GZyH1FjvQ4idA
Genoa,https://encrypted-tbn0.gstatic.com/images?q=tbn:ANd9GcT5ukZfW6_gE4U6dsyOKAFuQHmTrxxfgPbjRXO7ZeqLgXPVzBHcN4L2Wz6CyXerSQ7Xo7rs5kvmOBjjtA
Gibraltar,https://theplanetd.com/images/Rock-of-Gibraltar.jpg
Girona,https://encrypted-tbn3.gstatic.com/images?q=tbn:ANd9GcRREG22s083ziBYuzQDg2-gknfUVz6boh5UGxVd0LbTG237QdyQus5SsfzipClkg7bV75mhzBL8zibP_Q
Glasgow,https://www.sharkeyuk.com/wp-content/uploads/2018/06/Sharkey_Retail_1.jpg
Gothenburg,https://encrypted-tbn1.gstatic.com/images?q=tbn:ANd9GcTdG1f2jH2nPoIq8eVWbBB281Nuar7PgyJOBOfw7MvwzcKCy8YCH0K9RZAhaoFaC9EH3Vf2BiPG2E60Gw
Gran Canaria,https://encrypted-tbn0.gstatic.com/images?q=tbn:ANd9GcSnAWliO8BhSJN31BJzdffBC-LRn7ktp_2GkKpi73wYUx_I1olrSebg9NgTUmNPSFhfs37H74sANa4I7Q
Granada,https://encrypted-tbn0.gstatic.com/images?q=tbn:ANd9GcQfQUoSM3DeXU1_AziUNb835dGbOvUQ0QerQ8U1V-tdnDsNp3pcSF7_X0czh4QlEysLLovZV8LPgNO-uQ
Grozny,https://encrypted-tbn0.gstatic.com/images?q=tbn:ANd9GcQz1_TpAMktzxozUOxsrVLhPiYYb8HP5IWqcmiGn9VcCb6Kx1VVNl4Y4KdCBkuWPok5AforqsSU1pJXTA
Hahn,https://encrypted-tbn0.gstatic.com/images?q=tbn:ANd9GcSxHYoLvUN7Fk-eATZSy7RH1nALwoqoEWL1KA&s
Hamburg,https://thegapdecaders.com/wp-content/uploads/2019/07/HamburgFI-2-e1668870108664.jpg
Hanover,https://encrypted-tbn3.gstatic.com/images?q=tbn:ANd9GcT3nfsKTDnhkvjWGnxG0KE_8w7YBXlFDqoKXwYRpXg5WyrgcoHlurrCA9eXQ8Uj56Zsd9saDfhaBw6_kw
Haugesund,https://encrypted-tbn0.gstatic.com/images?q=tbn:ANd9GcTS2j8iyuhLFsr9ouYl_ow0vIhw9NJsCccxtLPfzr8HDkqa_uRWktokeHbBCr00ZuJFKz9VytwQnr7HKA
Helsinki,https://encrypted-tbn0.gstatic.com/images?q=tbn:ANd9GcS05kTtTqSlcsoKJL9WW_52u7gLgMRutIuCrOUmZqI-DAdWvfve-Bw9F57t6UbjnTkbdUKnnimkHebexw
Iași,https://encrypted-tbn1.gstatic.com/images?q=tbn:ANd9GcTJQySnxjZrrQ69JV2Lnji0NpI-BE5vDklDpKMyDC6Eck0cINVBMWCkCtqipDxpdMmvI4D8YQMNqM38Xg
Ibiza,https://encrypted-tbn3.gstatic.com/images?q=tbn:ANd9GcQ4nqKJLIZeS9pdpFdxqvWAkkk8lP5bHKXAmtDk1nlfK_qZyYqz8OKhPwAtOGSZXTcAuwW_gsFaUNS-mA
Iğdır,https://encrypted-tbn0.gstatic.com/images?q=tbn:ANd9GcS_wZais6CvzBnUu-6pEtYvrbnPFVnlf74eVKFzIpMQd47OCALLSY1Q5rRLoj7MBWwDZMwuUpqtoV0qyQ
Innsbruck,https://encrypted-tbn1.gstatic.com/images?q=tbn:ANd9GcRia9HtE7UqWL25nzcBHiDti53o5x_YE0F6XXrZLnIG_IExy8ZIJujZLgMkgczWSECQidyzlqD7-Mulhw
Inverness,https://encrypted-tbn2.gstatic.com/images?q=tbn:ANd9GcShwjGg3PwsTgltXUiWjEmYXS-yqbsxCGYE8s39buNotNsPYUH8_tX1S-a_X9lUUYjwjsCfFWPtuyDhiw
Istanbul,https://encrypted-tbn2.gstatic.com/images?q=tbn:ANd9GcTCxBjNwAoLrTOKowDJwZyOgqpPqpGuPY1umCd0ey6x2mma7s1rFxR63gC-wiSQxRp8LzzpwbK_vjhTOg
İzmir,https://media.istockphoto.com/id/485947800/photo/clock-tower-izmir.jpg?s=612x612&w=0&k=20&c=XRclY_vsiXBGySPYM6GrhhJAqRqn6NFaiCP3rGxW09M=
Jerez de la Frontera,https://encrypted-tbn0.gstatic.com/images?q=tbn:ANd9GcSRtjJPTgprIrF36iSAIYeLVVseuwc-MOBOmuygsWqioOzo-p9nORtLSzvDETtAgNLh2gQw2T_72sCMIQ
Jersey,https://nypost.com/wp-content/uploads/sites/2/2020/03/jersey-city-65.jpg?quality=75&strip=all
Kahramanmaraş,https://eskisehirhaber26com.teimg.com/crop/1280x720/eskisehirhaber26-com/uploads/2024/07/kahramanmarasin-en-guzel-ilcesi-belli-oldu.webp
Kars,https://d2d45aw5ucb5xn.cloudfront.net/wp-content/uploads/2013/11/kars_kalesi2.jpg
Katowice,https://d37rmf1ynyg9aw.cloudfront.net/fit-in/1280x1280/data/v4/resources/images/5403481d-5c6a-4520-9340-ee42739f9d56.jpg
Kaunas,https://encrypted-tbn2.gstatic.com/images?q=tbn:ANd9GcQo3THMja1zbMj-z6ykycatP-dBWISiEWp9Oy4OwLEYL7KINRGVwGjXYno-mzfIb14hDFEZadpswzv0KA
Kayseri,https://cappadocia4u.com/wp-content/uploads/kayseri-view.jpeg
Kemi / Tornio,https://762f263825.cbaul-cdnwnd.com/3f7593393198328102ed4d2120394c07/200000023-5ebcc60aee/Kemi-sisaesatama.jpg
Kerry,https://www.irishcentral.com/uploads/article/4463/cropped_GettyImages-1097576582_gap_of_dunloe_county_kerry___getty.jpg?t=1722529517
Kirkenes,https://encrypted-tbn1.gstatic.com/images?q=tbn:ANd9GcRb1t2oWs1cyiOcdc-kbjNC_fkPhfzygp-su40chH2TNgfjyerpTJncdoBrMHvp-IPE4eaoMhuPtEHlfg
Kiruna,https://images.ohmyhosting.se/qXO4a21Am2ZVLdpNtkDNBUWrLfc=/2880x1616/smart/filters:quality(85)/https%3A%2F%2Fkirunalapland.se%2Fwp-content%2Fuploads%2F2021%2F06%2Fnorrsken-host-kiruna.jpg
Klagenfurt,https://finestayslovenia.com/wp-content/uploads/2015/09/lake-woerthersee-klagenfurt-austria.jpg
Knock,https://www.tektonministries.org/wp-content/uploads/2015/08/Knock-Shrine.png
Konya,https://encrypted-tbn0.gstatic.com/images?q=tbn:ANd9GcScxKlaVtEn1pbiapA2dAGfnWGq03eqE5nAfzSnOHjUzKG33O1-u45cEx1TqXFFZX3w-KdmB2tZelQrbQ
Košice,https://facts.net/wp-content/uploads/2023/07/46-facts-about-kosice-1688909646.jpg
Krakow,https://encrypted-tbn0.gstatic.com/images?q=tbn:ANd9GcSTNA55ZPijK4cFFEsgB0Tzr917JIXoN-DiLspCiGKINr7BHn5OWgZBjwWyFxxq9IaGYtmuqkZkY4VxGQ
Kristiansand,https://encrypted-tbn3.gstatic.com/images?q=tbn:ANd9GcSv56cAhOUBnF0R1YT8uqGny8pI0oI0go8JUOy4hAe9CXNms8L9M8SsuEH-efh5AGEzOAeXHwMcGjUjUA
Kütahya,https://encrypted-tbn0.gstatic.com/images?q=tbn:ANd9GcS_wZais6CvzBnUu-6pEtYvrbnPFVnlf74eVKFzIpMQd47OCALLSY1Q5rRLoj7MBWwDZMwuUpqtoV0qyQ
Kutaisi,https://encrypted-tbn1.gstatic.com/images?q=tbn:ANd9GcRtJd-jgavNNGrpOym3YeTJw3rcNAV9vOVTsYfCkDxl0GSg_auwC4H3Xocyo-uqqXniMXgOfuoJsCRDNQ
La Palma,https://encrypted-tbn0.gstatic.com/images?q=tbn:ANd9GcQovPqUymSZu-nGyx2X1JI8gOJG_s8Z24JNQAbKHH3GQH4_3vOoz8PXWD6pIUWaOVTmjZMyXZMvNYOf1w
La Rochelle,https://encrypted-tbn2.gstatic.com/images?q=tbn:ANd9GcTnLj7LiNWHTFZtGhqahDGHFUix0G0c8rXBk8cgT5C4jxSAn-1vdDR_V5EXY7Wpn29PQ8TTCDyoiuDdHA
Lakselv,https://encrypted-tbn1.gstatic.com/images?q=tbn:ANd9GcRb1t2oWs1cyiOcdc-kbjNC_fkPhfzygp-su40chH2TNgfjyerpTJncdoBrMHvp-IPE4eaoMhuPtEHlfg
Lamezia Terme,https://encrypted-tbn1.gstatic.com/images?q=tbn:ANd9GcT_fLDSk2u3F90C0mr9TIK_Juu1rs0uDEnqmxwxMbXtB38zxxB_XyCmM2qz_MKuZfOyELOR9uqE3qVr_Q
Lampedusa,https://encrypted-tbn0.gstatic.com/images?q=tbn:ANd9GcTxPwVfMByytyi88FHpWeM8djhPvLnGA3q6xw&s
Lanzarote,https://encrypted-tbn0.gstatic.com/images?q=tbn:ANd9GcRvkbEd3ycYg6_PQo5ONAq2rldQpfOGZMqaY1sEjGBTpp5WMbTBlL4GiWcRM6bSKlcyHFEDvFlJRNvlXA
Larnaca,https://encrypted-tbn2.gstatic.com/images?q=tbn:ANd9GcQBi3Jc2HDhf9TJOHD-uy6u49-oP-i_FDjMlvuUzKPx5JNJA83Sr_263pIqwXdGAt8qdQeQajD8W7vyWw
Las Palmas,https://encrypted-tbn3.gstatic.com/images?q=tbn:ANd9GcSGwxGZAim0AebDB-BT3tsnesriil-04K7WtDHPCd--Q1Z7xLpQhKoogWYRttzWmtufcQawGf8lswjnGg
Leeds,https://encrypted-tbn0.gstatic.com/images?q=tbn:ANd9GcQxTEAmGnAbiweJ4AloodK0yJQVcZQW6UsEWzMq7xkbD3dj-uLHDUkhab7RQX7xpj0FIdvLkuqLMl1_bw
Leipzig,https://r-xx.bstatic.com/xdata/images/city/608x352/976986.webp?k=fb05b9cbb76ad55b7eb67ef4a5dc9dcf967b639abdadb3302ca2add0a0ccf01e&o=
Lille,https://encrypted-tbn0.gstatic.com/images?q=tbn:ANd9GcQKTfRGnyijgLCjDaO3JlWAWSJgoTDF0qu7D5nZEDC95eLqEZFPaiXmkCq3vngedUOTBm0LF1XWWdNEqw
Limoges,https://encrypted-tbn2.gstatic.com/images?q=tbn:ANd9GcRV4uaE_lz0A79FwlzR0_ljbjK7lR36bHOqCDVwY9Y0F3NLj94DoOg0Ncrr619yjg1O8yyX5wHcGh_CnA
Linz,https://encrypted-tbn2.gstatic.com/images?q=tbn:ANd9GcQVaR0yGzBTTdzUc22ppVpktmEcb0HZqXkFI01DEp8Mf-OSKuDHZFMma7Bc-k7jD7X-qkrCB9YIHRtgaQ
Lisbon,https://encrypted-tbn0.gstatic.com/images?q=tbn:ANd9GcQLxT3PIh1TwnGsLrG7G-JQRFMG0zIp4uiQ71FTwf1WQHKROUG_veOYAiGQTLGO36g5OCdu9DUrwHrzaA
Liverpool,https://encrypted-tbn0.gstatic.com/images?q=tbn:ANd9GcTQ13xA1MUi9nfGPA0a0-4Aam1OVBomZA-a7pu5neL8lciQXfc0OB6b89YfDUc2KvCYsKxNnHawlyfqww
Ljubljana,https://encrypted-tbn1.gstatic.com/images?q=tbn:ANd9GcTk0UltAt8KuN6RvSjEBGuIPeG5-SkwLfK682nImlQXHOs1MGsuYi0K6wIyrUppD005JMKWTH_PFcSNBw
Łódź,https://lodz.travel/files/public/_processed_/e/d/csm_Piotrkowska_noca_6111219ee1.jpg
London,https://encrypted-tbn1.gstatic.com/images?q=tbn:ANd9GcRpN9RbtOSTDqKIPxWc_D6rdSysaWVh6d-NW7yz7yFXKRwh5RN5BpNIoXEwH1XVcFdLWqn6Sm8_Y_zmeg
Longyearbyen,https://encrypted-tbn0.gstatic.com/images?q=tbn:ANd9GcTzKrv7jXhGX_HWUiZKSwP9Ymrk3ha24UsGp7zcTgpBIesabRxQOWgVcRztSzw1H6KbRM2zfyBWou202A
Lublin,https://encrypted-tbn2.gstatic.com/images?q=tbn:ANd9GcQnVyxr6LyZaxEpQMgRCFsz22QJTmzFpz7lrhxHp4jeetls6LkFXlQ-FTn2A7ixY6hMqYay8Q4IJoNWOA
Luleå,https://encrypted-tbn2.gstatic.com/images?q=tbn:ANd9GcTZH2wmJfREDNcsNHSzTFYC0EKfQX5s8bKeLeq58xR4-JuF5Cz0VEL0VARJoXO_FAPUzF_TXmzL8d_zPg
Luqa,https://mediaim.expedia.com/localexpert/4595475/a308830e-c059-45be-929f-a46e9974539d.jpg?impolicy=resizecrop&rw=500&rh=280
Luxembourg City,https://encrypted-tbn2.gstatic.com/images?q=tbn:ANd9GcSwOhd5X2RA3Jw_XfSmfcNeWeZOvyXwj2d6QyoeV1cy3Nmilb0Z-SDMwm8tyMMMiqPsLZRFn4mZTxHbRA
Lyon,https://encrypted-tbn1.gstatic.com/images?q=tbn:ANd9GcRoQxpp_amAXFxhkYr-BQ6uwQk9epMvCx6X1ll3g6EyrEMMlDKvl4W5ZnixIkbOqcAvq7R6qW3GE06RHg
Maastricht,https://encrypted-tbn3.gstatic.com/images?q=tbn:ANd9GcT4mYFuTlErKm1bf-SxKRX3qBTycSMeloKJit-n2xb_dKqyHCFlkzpDx9ZXoQoOnIB4HBARQvbggLwv0A
Madrid,https://encrypted-tbn0.gstatic.com/images?q=tbn:ANd9GcQmeVXVi8Qf2opkC-xAX9Z8sqmXLNnCUyEBCH7lY9Du60ePIdqYcgUv_X08z5SxkepA5VBR3iRIMf2cRQ
Málaga,https://encrypted-tbn3.gstatic.com/images?q=tbn:ANd9GcQ9lFkktO0FhbU0xus5ggvf8OcSFZv1ArvaigV6wWEi9TurYP1TNADKWZQ9TXYVbnUC64UZEgjGPdt6Sw
Malatya,https://encrypted-tbn0.gstatic.com/images?q=tbn:ANd9GcScxKlaVtEn1pbiapA2dAGfnWGq03eqE5nAfzSnOHjUzKG33O1-u45cEx1TqXFFZX3w-KdmB2tZelQrbQ
Malmö,https://encrypted-tbn0.gstatic.com/images?q=tbn:ANd9GcTlM8-yTtWqvEswK4BuEyNrKn01JB5m7Tza6pkzGaVRtFL3du_vAIW1Fg6bALoNUUMzTMRlxB_0Ce2Dsw
Manchester,https://cdn.britannica.com/42/116342-050-5AC41785/Manchester-Eng.jpg
Mardin,https://encrypted-tbn3.gstatic.com/images?q=tbn:ANd9GcQ6xVBZ1vaQFRnSgmw3b0m4ySbyKhCC9CsK2m0Z8xch6uEmWYTNCC4niLM6ER46d3GXNPAQxKuV_iEXVA
Marseille,https://encrypted-tbn0.gstatic.com/images?q=tbn:ANd9GcT5ukZfW6_gE4U6dsyOKAFuQHmTrxxfgPbjRXO7ZeqLgXPVzBHcN4L2Wz6CyXerSQ7Xo7rs5kvmOBjjtA
Memmingen,https://encrypted-tbn0.gstatic.com/images?q=tbn:ANd9GcRlNilJiVR8kMl5TjfHt76XAxfgST4R4L4spSX1zj5oNXBa5g0CJey3uDKtD7glUNtuwSZqUAhLqlk71g
Menorca,https://lh3.googleusercontent.com/p/AF1QipOPtw1R6xJKTjQVqS8zJJQoHFdYhu6Q4xWwEe3s=w907-h603-n-k-no-v1-rj
Milan,https://encrypted-tbn1.gstatic.com/images?q=tbn:ANd9GcTTNUewWaPkLx7U-O4QLkOffkKe-vWjkPMFEowfMNAam9aJq5A78vp54NH8-Dwv8UcK-KJgvBgQf3aeKA
Mineralnye Vody,https://encrypted-tbn1.gstatic.com/images?q=tbn:ANd9GcSphtBuLc__x2i2UUhmxpIlFrQyjk19FIC1En0m5Hqu9gEuTsjBfpOE4N6W57MM1piAzoVhP0m1jOrD6g
Molde,https://encrypted-tbn0.gstatic.com/images?q=tbn:ANd9GcTS2j8iyuhLFsr9ouYl_ow0vIhw9NJsCccxtLPfzr8HDkqa_uRWktokeHbBCr00ZuJFKz9VytwQnr7HKA
Montpellier,https://encrypted-tbn0.gstatic.com/images?q=tbn:ANd9GcTkflLww5KxhswrQ9Rzbtx4dIGB-tND4t3O8DQaCUCXOuMY_DIuAnYVbOW4_IszTCtlHq1Exedl0CERjA
Moscow,https://encrypted-tbn3.gstatic.com/images?q=tbn:ANd9GcSyTCy1ygr3oTtbVSRXh4DIBr221Ygp_bTpEfwCtww-u2wzCx9vaK_y1RYfuIgvo3RTfZ46_hAktEvshA
Munich,https://encrypted-tbn3.gstatic.com/images?q=tbn:ANd9GcT3nfsKTDnhkvjWGnxG0KE_8w7YBXlFDqoKXwYRpXg5WyrgcoHlurrCA9eXQ8Uj56Zsd9saDfhaBw6_kw
Münster,https://encrypted-tbn3.gstatic.com/images?q=tbn:ANd9GcQvTjn-Y00kEzd99frBUr5KHgoGrFVLcEkhT2238tEn-hn4JSajifm5VzA6oddk5FxhcwiOJCPSt2NNJg
Murcia,https://encrypted-tbn0.gstatic.com/images?q=tbn:ANd9GcRbtZu2F9QN7SEOoPwHIP_uDfCEV0XG-lo_k_VxTcQaG3d0qfOcH0eSQTW1q9_H2suI4t_-Ea6c5-CVMg
Muş,https://encrypted-tbn1.gstatic.com/images?q=tbn:ANd9GcSxMNpfN4XDPiu2azU8NLh8q5GcXWq5h0aIN3jPr8NsiDMC0Tu90dKuo7yrmnzO4Tr65FKo5RhP-0dLEw
Nantes,https://encrypted-tbn3.gstatic.com/images?q=tbn:ANd9GcR2di3AN4sQh4aVKBHikVkT8Skg81Th5-RnXpFB5bgGlsSsNfaTFvZL1m3oV_lNLYy4PlQXDz55U--Fuw
Naples,https://encrypted-tbn0.gstatic.com/images?q=tbn:ANd9GcRBT_DUJ4gR1mP40zFCP-KW9of6TX7NxVWoVk7hf5o0HoK97ZF8oIk6kUJTCu7WWw-BFX5hXs_8mWRgUg
Newcastle upon Tyne,https://encrypted-tbn3.gstatic.com/images?q=tbn:ANd9GcQ6cUAyqdzfIHBU7E0YqeCv09GXkCMp3q_sndZPlg0eb7zGUQL0_m17vTfQ7Ug1moYhdz74fn44vWcvHA
Newquay,https://cornwallone.co.uk/wp-content/uploads/2023/04/newquay-town-harbour.jpg
Nice,https://encrypted-tbn0.gstatic.com/images?q=tbn:ANd9GcT5ukZfW6_gE4U6dsyOKAFuQHmTrxxfgPbjRXO7ZeqLgXPVzBHcN4L2Wz6CyXerSQ7Xo7rs5kvmOBjjtA
Nîmes,https://encrypted-tbn3.gstatic.com/images?q=tbn:ANd9GcQyap6c6NJBu8nNUsisLWf_j-agpnaWPy1E5X6OXl8myKDI0TtAXq0KJxFmslgJITC9x9CfDINdiwywzg
Niš,https://media.tacdn.com/media/attractions-splice-spp-674x446/07/36/5e/e7.jpg
North Nicosia,https://www.helenonherholidays.com/wp-content/uploads/2019/05/shacolas-tower-nicosia-1000.jpg
Norwich,https://cdn.visitnorwich.co.uk/app/uploads/2021/08/London-St-1-City-Activation_Norwich-BID-scaled.jpg
Nuremberg,https://encrypted-tbn2.gstatic.com/images?q=tbn:ANd9GcQ2jYm2jAAARI5Swji4nBqT1NG4gi9vd1Eb-7zrTqNSriekYQdl
Ohrid,https://encrypted-tbn2.gstatic.com/images?q=tbn:ANd9GcSzuvpxLOl1Ce-AGhwqNlzKY9vO427Q4eSyrDbN8M1NKPz2YnALZLn572iRJubjNsjY8-_6jxZYbMHFQw
Olbia,https://encrypted-tbn1.gstatic.com/images?q=tbn:ANd9GcT_fLDSk2u3F90C0mr9TIK_Juu1rs0uDEnqmxwxMbXtB38zxxB_XyCmM2qz_MKuZfOyELOR9uqE3qVr_Q
Olsztyn,https://findingpoland.com/wp-content/uploads/2022/05/20220322_125218-1-900x506.jpg
Ordu,https://encrypted-tbn1.gstatic.com/images?q=tbn:ANd9GcR0bE7PbnQMcqzUokRCbwPqViiZ-fskOiAjoeQcClm4c4TLrDvu_r8y6Yqp4DGFsY1ItZPoyA05F8JymA
Oslo,https://encrypted-tbn3.gstatic.com/images?q=tbn:ANd9GcQ3VNUpih1nif6AajWdtEOUqHO1cbjnrJ8SYg1gJi091bqk6LdPL6TyJRgbUs77vgSbH-Q-rBzA70I2gQ
Ostrava,https://encrypted-tbn1.gstatic.com/images?q=tbn:ANd9GcQJZA1APlKCaAH2j8afqQ1NhBFfZY2SUILfutdwJNrWm82bvIdsKzq8s65imT6kXMUFSpXZqT4xEwklXA
Oulu,https://encrypted-tbn0.gstatic.com/images?q=tbn:ANd9GcRui90m13NrgHvz59xKt1MlOiEqAbkxgdLpoJ_8Bn3CTVQCCFzYRm7858W5gzxcUpTgOKasm88Qvo0Vcw
Paderborn,https://encrypted-tbn1.gstatic.com/images?q=tbn:ANd9GcRI07RhqnvL4gNosAR_9UzJwQpk6Yi_EFZvaKRct02U_G_z3uKkkIZMjrouPdQZ1H_2n29yVLDusKt3lA
Palanga,https://encrypted-tbn1.gstatic.com/images?q=tbn:ANd9GcTfgQSTbBAgy7u7rOzg8gQH4CUo4XZRbruU_MPmdhOMLdmwZaOGFqxMnMjcgIYVQ7Cn7qAPLFOZdngHUg
Palermo,https://encrypted-tbn2.gstatic.com/images?q=tbn:ANd9GcS2hxMzpQMHHjRgldMlXNxTZJLMiouP6WTwXOnolwnto1MXYnYjihq-5bbcBfEaoi8_K1GGdbiZyStXwA
Palma de Mallorca,https://encrypted-tbn0.gstatic.com/images?q=tbn:ANd9GcR2JNin1ODB_iJxzdYZFUMgDndgT1ridycxbpfvKNspHMGqGjD7QnAYj56c2ODTL8NiBrowE9UM6Y-gVg
Paphos,https://encrypted-tbn0.gstatic.com/images?q=tbn:ANd9GcSdFiVfta2sMsFDs6m_ZMuNhaV9pNkI0DahMnczc7MrMPLmHzTFhrPA_y209h_jIPtK-YV0q5Vs4RPcVQ
Paris,https://encrypted-tbn3.gstatic.com/images?q=tbn:ANd9GcQGx8ii2KbSDdbdzfKye5oDN2bwBA6audqI7XUEf2iMRZezpn_ZbQe1ZIuvUSH-8XOMe958umDwSsAF1w
Parma,https://encrypted-tbn1.gstatic.com/images?q=tbn:ANd9GcTk0UltAt8KuN6RvSjEBGuIPeG5-SkwLfK682nImlQXHOs1MGsuYi0K6wIyrUppD005JMKWTH_PFcSNBw
Perpignan,https://encrypted-tbn0.gstatic.com/images?q=tbn:ANd9GcQLxT3PIh1TwnGsLrG7G-JQRFMG0zIp4uiQ71FTwf1WQHKROUG_veOYAiGQTLGO36g5OCdu9DUrwHrzaA
Perugia,https://encrypted-tbn1.gstatic.com/images?q=tbn:ANd9GcTy086CRtUZKRPjuV3k4WbNIYAgDs5F5zhzRhj7s_vjfUH7RXu3TlCMhU0fB64C7Ar4NKLfq2aLraV3Jw
Pescara,https://encrypted-tbn2.gstatic.com/images?q=tbn:ANd9GcSWOcc0yWYC-7KH5u49-8Qehe-qfBH6q1hlYeV1WGjxdH8WE7KXR-GcwekeArhu4p3dzHSqt9fYczthGg
Pisa,https://encrypted-tbn2.gstatic.com/images?q=tbn:ANd9GcQpnoVxOOkoXwQd9QB7iFC9gbytSPMXw-83rjTorjDvKVfXAiHKfxg8ACylNrjUJbB589OSPtCmMXMVqg
Plovdiv,https://encrypted-tbn3.gstatic.com/images?q=tbn:ANd9GcSPJelTJzJqhse5kHgILj-kS7lB-5VdURMXhrklvH7TuqaJXvyvWhcCeCT1wnCpTfOon9lvhj1PL3K3Pg
Podgorica,https://upload.wikimedia.org/wikipedia/commons/thumb/a/a3/Podgorica_panorama.jpg/1200px-Podgorica_panorama.jpg
Poitiers,https://encrypted-tbn1.gstatic.com/images?q=tbn:ANd9GcSkiF7E8KZ5uqSb8zTpSF7yv_3OGxtgcAAUAt9Um3DkA9V1YOiQBsaV_7xtxbUtTJ6myaOirEZO19ECgA
Ponta Delgada,https://cdn.visitportugal.com/sites/default/files/styles/encontre_detalhe_poi_destaque/public/mediateca/Ponta-Delgada-sunset-by-Turismo-dos-A%C3%A7ores.jpg?itok=7Nn53K__
Poprad,https://encrypted-tbn1.gstatic.com/images?q=tbn:ANd9GcSWmZFk5zPFofkOZQ6IRY9WhEocs_Lh2gNKxcLHgEubXdLXDY4yT9LVggCggHCnGP2c0QyisOZZNdzjaA
Porto,https://encrypted-tbn1.gstatic.com/images?q=tbn:ANd9GcRgx03CYHtPmXwLBBNkpK46NZNFpo0abz2FkXT5FhaXoGQRaSF8ye8xTvvwNh7caWVT8GZyH1FjvQ4idA
Porto Santo,https://encrypted-tbn0.gstatic.com/images?q=tbn:ANd9GcThwWHwaqM6I3QTJ48vf9yCHIGvwBZFmpj2BA&s
Poznań,https://encrypted-tbn0.gstatic.com/images?q=tbn:ANd9GcT8E_-nlYkcahxs-mFMbACTqlTOVGc9SsJy40NGOuM1CtwDTa_SC6WrKuQ_S4N8ImLC2NSHTASsk0Yssw
Prague,https://encrypted-tbn0.gstatic.com/images?q=tbn:ANd9GcSU618OYq-jH5rpL5UdivSJGQv1KGXsnOqaubCVhQLDyZ3cuoDoCfj5-h24kRhIQ2KNSn7u8hZha856sw
Pristina,https://funkytours.com/wp-content/uploads/2022/01/pristina-national-library-1.jpg
Reggio Calabria,https://viatioga.nl/dynamic/img/italie/calabrie/reggio-calabria-overview.6.b958.jpg
Rennes,https://encrypted-tbn2.gstatic.com/images?q=tbn:ANd9GcT424b65o86GuGPQQJ_dvzxj8S9Kpsbx_CzoI-aJwR_WA0t_5vpoYbvdn1iooneZTtY1qlQKzd1KPXhpQ
Reus,https://encrypted-tbn2.gstatic.com/images?q=tbn:ANd9GcSR8IWUIHt9MOi-iWjt7LMZC7tZ2WJ2szzSov7KSck7biDo_vFTtdK2IhZw4dkH2oghadCaQtj5jB4MKQ
Reykjavík,https://encrypted-tbn1.gstatic.com/images?q=tbn:ANd9GcRb1t2oWs1cyiOcdc-kbjNC_fkPhfzygp-su40chH2TNgfjyerpTJncdoBrMHvp-IPE4eaoMhuPtEHlfg
Rhodes,https://encrypted-tbn0.gstatic.com/images?q=tbn:ANd9GcQ3yI8tWlZWsyb3YbzRm422HAx8Ua9NszyYabRClKVkQe2MvNbDLlivhpoGD1sz5OkYF35HO2PFEPPBmA
Riga,https://encrypted-tbn1.gstatic.com/images?q=tbn:ANd9GcR2hARO85l8xr59Az8kPlCgtMpI4xev4ytJ7andGITG-nD-0HuvckGEmOZxnrRJYCAADtAHDKTne_HKhg
Rize,https://cdn.britannica.com/94/146294-050-D53A557C/Rize-Tur.jpg
Rome,https://encrypted-tbn1.gstatic.com/images?q=tbn:ANd9GcQ2O5BCA_eLg-9LzvmJulf4CmsPdOKojSOv0Rlr9JtHFYd6hGnEm5Kr9u6EMl6p1nIXf5frBsYVuPZIew
Rotterdam,https://encrypted-tbn1.gstatic.com/images?q=tbn:ANd9GcTl4kXitSTKGueKkxeBNgTk4T18kdh01yxv5vG0h2afuwY9OShrNqDeIvrfYekaFZmkPkyFe55SXyQ7XA
Rovaniemi,https://encrypted-tbn3.gstatic.com/images?q=tbn:ANd9GcQtoxEH5D4Quys48s-o1hbjytOlFF-YL0bwV3bcPclhSvcfbq4KyGUDRPIf04Bevg-cQFsdCwzViwNhOA
Rzeszów,https://encrypted-tbn3.gstatic.com/images?q=tbn:ANd9GcTN4tVwyGjrWhtodLUuqVRmL_DVV9Mg675qNad3fyjaG9uafR6JAbTiqoZXbS3ogxyXjQsvacP9uyyXyA
Saint Petersburg,https://encrypted-tbn3.gstatic.com/images?q=tbn:ANd9GcSw-CVx-jZzJ03MnWsngK6LFiFvcOqVJlvTL56Maxyucz339N9QfaALCawaNJyvXXFapJSRGclnpkRCDA
Salerno,https://encrypted-tbn3.gstatic.com/images?q=tbn:ANd9GcSPEN-aa2KD2IISG2yFnCOo83rtj1XxSDdjpkwrBEhxe3BrTrlLChEvBf549Refd36jt2m0trTGiFOacg
Salzburg,https://encrypted-tbn2.gstatic.com/images?q=tbn:ANd9GcS8YwJi1bzGDPMQenxfLRPc6GZCemWXR_0tYUUCup2DUuelWXbW2QdsqfufDEu9PseDU0XsBUW63HCzIA
Samsun,https://encrypted-tbn1.gstatic.com/images?q=tbn:ANd9GcR0bE7PbnQMcqzUokRCbwPqViiZ-fskOiAjoeQcClm4c4TLrDvu_r8y6Yqp4DGFsY1ItZPoyA05F8JymA
Sandefjord,https://encrypted-tbn1.gstatic.com/images?q=tbn:ANd9GcT_fLDSk2u3F90C0mr9TIK_Juu1rs0uDEnqmxwxMbXtB38zxxB_XyCmM2qz_MKuZfOyELOR9uqE3qVr_Q
Şanlıurfa,https://encrypted-tbn3.gstatic.com/images?q=tbn:ANd9GcQ6xVBZ1vaQFRnSgmw3b0m4ySbyKhCC9CsK2m0Z8xch6uEmWYTNCC4niLM6ER46d3GXNPAQxKuV_iEXVA
Santander,https://encrypted-tbn2.gstatic.com/images?q=tbn:ANd9GcQ_AXTpLmk-p14Y5NUeio6SMuC8G0eveuq6bFH6tAE5hCiL1W5Mqi3VG_WjIjJn9PMFvBb8Up5UvCcNcw
Santiago de Compostela,https://encrypted-tbn2.gstatic.com/images?q=tbn:ANd9GcQe3ktu7ZoHP8OfUAkMcfjveYOPwl7KjwYirPxPmwaMfnIShX6xEtRsoiHB7mGzKBqOQvHAofB3wPXjWQ
Sarajevo,https://encrypted-tbn3.gstatic.com/images?q=tbn:ANd9GcSgBKbu5-oeQaZqY4wAWd5ZFGL_mKudrx-Oi_OZwmhi7mu3bZLsZVamIswxVW3mmQBQZIqK1zMadXlkDw
Satu Mare,https://romaniatourism.com/images/satu-mare/satu-mare-aerial-1.jpg
Seville,https://encrypted-tbn0.gstatic.com/images?q=tbn:ANd9GcR13UseslgHNU7MN7H-AN-iyHzmPqGLjviVxEFNW_YdtLKa_qSv_TXj3gHe7lxH5fn4UGmwPKpzUVNIOA
Shannon,https://mediaim.expedia.com/destination/1/58fddd0747a450c4775fe448b4d1a479.jpg
Sibiu,https://encrypted-tbn1.gstatic.com/images?q=tbn:ANd9GcQ2GMJ2dDvwjWQDOAlIjrBQwKYUZ-XZpHUqg4ynX9fQHRZgCg8tQu-Jv8HwN-3zq6cQ3GA9HXT2yLKHkw
Sinop,https://encrypted-tbn3.gstatic.com/images?q=tbn:ANd9GcR_ykByNkQKOwKC4mx2IEhOt-dn1uNpAv3vek-7gI1tgoB6vHJP27D0xzZ5Z0dvMhwB4tEAyFa2KLibpA
Sivas,https://encrypted-tbn1.gstatic.com/images?q=tbn:ANd9GcTuwPP11eaHz8Cf2-xMlrYAIx1IqZw7xAI8nOl2zpxSoA-CGEjr5AmdSmyd6BUp769ITzZxXiw-XE_HBg
Skellefteå,https://futuregames.se/wp-content/uploads/2023/05/campus-skelleftea-futuregames-scaled-e1688568001829.jpg
Skopje,https://encrypted-tbn1.gstatic.com/images?q=tbn:ANd9GcSHewt8usI6O0sZTo4M6DvA_F3wnwEotOnM5FWhzcm39c7JwmEbRvsXhXXpGNdc-LT74n_mxNZe59qcww
Sofia,https://encrypted-tbn1.gstatic.com/images?q=tbn:ANd9GcR5PdiB9M7z69lbcBzD-xVHlxhK5YkJh9nduV9ezSDz7S02OqjibfB9h9UAt6X8PanE2D_bUjLAvPyxWQ
Southampton,https://encrypted-tbn2.gstatic.com/images?q=tbn:ANd9GcQJ4C9SNz0Sr1XGw3aeJHTF3cEDhAYlFDB_faJPPmkiqDZWp77TSuE_NzA7zE0zNnljrJYFUMKpcGoOzw
Stavanger,https://encrypted-tbn3.gstatic.com/images?q=tbn:ANd9GcSv56cAhOUBnF0R1YT8uqGny8pI0oI0go8JUOy4hAe9CXNms8L9M8SsuEH-efh5AGEzOAeXHwMcGjUjUA
Stockholm,https://encrypted-tbn0.gstatic.com/images?q=tbn:ANd9GcTlM8-yTtWqvEswK4BuEyNrKn01JB5m7Tza6pkzGaVRtFL3du_vAIW1Fg6bALoNUUMzTMRlxB_0Ce2Dsw
Strasbourg,https://encrypted-tbn1.gstatic.com/images?q=tbn:ANd9GcQh0vW3cXSF5R2D0c_xN7b_O2Ias84os6GA5stNOZqTfS1M4XwmK44XmiaqZ9WKRNsJ_kqwO1Ld-Z_V2g
Stuttgart,https://encrypted-tbn3.gstatic.com/images?q=tbn:ANd9GcT3nfsKTDnhkvjWGnxG0KE_8w7YBXlFDqoKXwYRpXg5WyrgcoHlurrCA9eXQ8Uj56Zsd9saDfhaBw6_kw
Suceava,https://encrypted-tbn1.gstatic.com/images?q=tbn:ANd9GcT2IU9ZUmvhvThfVJdnmh0sazh2RYI04-GSv0_GLCW7m3TnPpi1XYRNkIuXyL-bdJRgPn7Akcbg6zmDzw
Szczecin,https://encrypted-tbn0.gstatic.com/images?q=tbn:ANd9GcQgmTn_55u1T27irI1e10AROHc7hNnyyDZzRnGdcxc_QVnYph2Ajr6QdBeCfZ3622LepnShGK-WFfV3kA
Tallinn,https://encrypted-tbn2.gstatic.com/images?q=tbn:ANd9GcTZH2wmJfREDNcsNHSzTFYC0EKfQX5s8bKeLeq58xR4-JuF5Cz0VEL0VARJoXO_FAPUzF_TXmzL8d_zPg
Tarbes,https://encrypted-tbn1.gstatic.com/images?q=tbn:ANd9GcTwJ85U2Hi5QaDDTR78KA3T-yOSRgu6EGz5cZXlAJFWpNFaJHmD7mvZeGq_jGmWBOK0RRN8hyaW0Y_Bwg
Târgu Mureş,https://encrypted-tbn2.gstatic.com/images?q=tbn:ANd9GcQnVyxr6LyZaxEpQMgRCFsz22QJTmzFpz7lrhxHp4jeetls6LkFXlQ-FTn2A7ixY6hMqYay8Q4IJoNWOA
Tbilisi,https://encrypted-tbn0.gstatic.com/images?q=tbn:ANd9GcQiRaKF3HcwAd9JDME-lcEdo53DDlCyQwSFd0-F4OWnXJUj5ro3lY6LFRHXGK5wKhsAQGKZ-_XlSPEA5g
Teesside,https://www.ofnc.org.uk/wp-content/uploads/2022/03/teeside.jpg
Tekirdağ,https://upload.wikimedia.org/wikipedia/commons/6/6b/Kumbag_Tekirdag_2010.jpg
Tenerife,https://encrypted-tbn0.gstatic.com/images?q=tbn:ANd9GcSnAWliO8BhSJN31BJzdffBC-LRn7ktp_2GkKpi73wYUx_I1olrSebg9NgTUmNPSFhfs37H74sANa4I7Q
Terceira Island,https://encrypted-tbn2.gstatic.com/images?q=tbn:ANd9GcRHSFgzD0p47p214Y8Hvv9e2qzoNvm2L8b932demKrZn9vjyJhj78Qq4-D6BS8enan24Ymos7FurBbbrw
Thessaloniki,https://encrypted-tbn1.gstatic.com/images?q=tbn:ANd9GcSFO7fqdvo4DKvvJypF8uShFV-3u2-9cA5-joLWgXWm6bPUN23m6LZwqVJQ8jlDPJd8_ngPF0XaMy6XYQ
Timișoara,https://encrypted-tbn1.gstatic.com/images?q=tbn:ANd9GcS1z2q71A_XRntkUvLWlA8WyoCrmjon0FhdYsFUhrCX7F_S4KxOsHkQAZAjUw5l7aOhVD9eKB_IgHSBCg
Tirana,https://encrypted-tbn1.gstatic.com/images?q=tbn:ANd9GcR2GvqDQ8WKOEjR6ZCnLeUBKb1iC5ZkN4-TbUv1yVin6EGbHTtT1K3XkRsGV4FjHzeFu5lQJBesHo7KvQ
Toulon,https://encrypted-tbn0.gstatic.com/images?q=tbn:ANd9GcThNCOp9lG5IE1e3JJLdYfM9FfRpGETjT43iD6mVrlGHsC4fzlyQDnl3Ao0Ixz1VtruwZ2o5mbPkqt9yg
Toulouse,https://encrypted-tbn3.gstatic.com/images?q=tbn:ANd9GcTS-JBb46aISIGJGcm72QlTGRVFqYK6BssXD2MIWtzdlVuAvYO-7HvpSUobpPuWQtIMHOpRtSMk5UgbJQ
Tours,https://encrypted-tbn1.gstatic.com/images?q=tbn:ANd9GcSrrrS2Qz72uG3UQ9CrIOaiDByHAjfUJ2UOfg-cyx5LCxhbWAQGKb4a953C7jR2t3pcsCNeG46j9U43CQ
Trabzon,https://encrypted-tbn3.gstatic.com/images?q=tbn:ANd9GcSnjx-gujt9lX3WN8F6eulS6FBjjBZqTgOkajapyAs255EpPk2-XDfSjMZZDT7HCqE9uqrs8barpWIjiw
Trapani,https://encrypted-tbn2.gstatic.com/images?q=tbn:ANd9GcQ6h2AIs7jb1rVRbDTueC-dFNrC6RFcwqjbX_92xxThiqUB4zdy8PhN2OgO2Okg4i_wvBOTRlExTwQatQ
Treviso,https://encrypted-tbn0.gstatic.com/images?q=tbn:ANd9GcQiRaKF3HcwAd9JDME-lcEdo53DDlCyQwSFd0-F4OWnXJUj5ro3lY6LFRHXGK5wKhsAQGKZ-_XlSPEA5g
Trieste,https://cdn.thecollector.com/wp-content/uploads/2024/02/best-museums-in-trieste-italy-grand-canal.jpg
Tromsø,https://encrypted-tbn3.gstatic.com/images?q=tbn:ANd9GcS7mKiB9buAAtaTpBbmzF2pgTWcG_Qaragnuiipcit-tc7WOQa6p1LV9iEjR4vVwYy4aNDwKAa5in_1Lg
Trondheim,https://encrypted-tbn3.gstatic.com/images?q=tbn:ANd9GcQhf4sByWg_YEJNz1d19wJLT6ejxy8bKpzTR9JrKXITpLuNDPYBiHwXH-3TgAEenP4rKmnwxc7CFQs30w
Turin,https://encrypted-tbn3.gstatic.com/images?q=tbn:ANd9GcRXyE_Sa2eQUIbepC3-iJuEiZqCS2RgVswGMMcY6ZqxFz1aGxccWRwa9H8lsLb2xBMrA4JJLzDtT4KzXQ
Turku,https://encrypted-tbn0.gstatic.com/images?q=tbn:ANd9GcS05kTtTqSlcsoKJL9WW_52u7gLgMRutIuCrOUmZqI-DAdWvfve-Bw9F57t6UbjnTkbdUKnnimkHebexw
Tuzla,https://cdn.britannica.com/09/60909-050-19DE5DC5/bridge-Neretva-River-Bosnia-and-Herzegovina-Mostar-1993.jpg
Umeå,https://encrypted-tbn3.gstatic.com/images?q=tbn:ANd9GcQ3VNUpih1nif6AajWdtEOUqHO1cbjnrJ8SYg1gJi091bqk6LdPL6TyJRgbUs77vgSbH-Q-rBzA70I2gQ
Valencia,https://journeycompass.com/wp-content/uploads/2019/12/valencia-old-town-guide.jpg
Valladolid,https://encrypted-tbn2.gstatic.com/images?q=tbn:ANd9GcSi1c8Xdxwiest3E8DHfY4S6XlJc0NuT4lLNe8cw7YaiM2859LcEy5Kf4SOciyRH5ZRARG6myjJaeoJtw
Valletta,https://encrypted-tbn2.gstatic.com/images?q=tbn:ANd9GcTM-4W4eIJr3KdDUZt2QVJLtShpIvZRt0J1dOfsaTPe0GjXY0Rq-_P1OJVD553suL9LArwTIZDDhzA20A
Van,https://encrypted-tbn1.gstatic.com/images?q=tbn:ANd9GcSxMNpfN4XDPiu2azU8NLh8q5GcXWq5h0aIN3jPr8NsiDMC0Tu90dKuo7yrmnzO4Tr65FKo5RhP-0dLEw
Varna,https://encrypted-tbn3.gstatic.com/images?q=tbn:ANd9GcT6a9RejlOkzmmYfR4yIUPbikX4hDnf85sWh2JswdqLvBzOzxiUfUhW2-pG2hwCYveuk6dGsDuGl9i_ug
Växjö,https://encrypted-tbn1.gstatic.com/images?q=tbn:ANd9GcQiyOxHCyyM0Zipzv__zJUD5IhBKvt5WdbDITN2pYfW5W5geEy9ct6g30_fSqi4OFJUjaOYQBeeLi67CA
Venice,https://encrypted-tbn0.gstatic.com/images?q=tbn:ANd9GcQjQ_jNBRf7Rrs4F_dalR9eOkZZoF5ofBa_VbXL9aHuwf3mLGKil2Olf8msJ9fSJXIPTCDzAsA1gx3dLA
Verona,https://encrypted-tbn1.gstatic.com/images?q=tbn:ANd9GcTz_xWdnr6sq-Vw_jZwjTHgJXK-sGWyN-akIen0og61KR6czB00SgeLdyDy2V6wF6q3csD-Y5gHLXlQjg
Vienna,https://encrypted-tbn0.gstatic.com/images?q=tbn:ANd9GcS9cibEqvywEDJ9Em6UID8uTQNXzkeb2vA04-CCpRM4i7umNtqtijj9K7loA9ZwivrmuOGysYdg1ti21A
Vigo,https://encrypted-tbn2.gstatic.com/images?q=tbn:ANd9GcSh9XJlQOfl6k9tmp6g7jMpkBPtMrySUgGKtDFftz1J30QT-FucBzkeFEoir5_ZENjMcJmx5cOGCd7vdQ
Vilnius,https://encrypted-tbn0.gstatic.com/images?q=tbn:ANd9GcTYrt9vqCu2sDyvcab6SW5UBJE6q7sUIVOx8Dbqs-Zi064uoobSEHhwPQbouF0SIzBKZ0u7hnvVBP29gQ
Vitoria-Gasteiz,https://encrypted-tbn3.gstatic.com/images?q=tbn:ANd9GcQGx8ii2KbSDdbdzfKye5oDN2bwBA6audqI7XUEf2iMRZezpn_ZbQe1ZIuvUSH-8XOMe958umDwSsAF1w
Warsaw,https://encrypted-tbn0.gstatic.com/images?q=tbn:ANd9GcSHx25TjZC37XYjd35zw7q_e_LkTtU5W8UU5aNruIEFZ8jijgQfjKJekztMYYqNnWAaSzk5IOJCZwpmhg
Weeze,https://encrypted-tbn1.gstatic.com/images?q=tbn:ANd9GcRI07RhqnvL4gNosAR_9UzJwQpk6Yi_EFZvaKRct02U_G_z3uKkkIZMjrouPdQZ1H_2n29yVLDusKt3lA
Wrocław,https://encrypted-tbn1.gstatic.com/images?q=tbn:ANd9GcTuK5U1godVorSDHgJi5Fwa4LtjGc1OtbTOByVabXK6G1ve-XGABbTRAbBJdKy_VPM3Foz0bUI2MKYGLQ
Yerevan,https://encrypted-tbn3.gstatic.com/images?q=tbn:ANd9GcSBO8kDZWB0cP1QgYDHovVIdAPzxIR885-ZiR53e58S-HLOkU2IVGIAMEeYaZ0IYRDBe-uyxr7-b6tZcw
Zagreb,https://encrypted-tbn1.gstatic.com/images?q=tbn:ANd9GcSPNSSYsqcFoX0TUUvoOL_Vygw_AmbKHoF7J51Cg85ve5RQoa2AaGJyvXeEBF6cKp351VJdhkpcb8nJEw
Zaragoza,https://encrypted-tbn3.gstatic.com/images?q=tbn:ANd9GcSPwpSVF3SALVaZ_pfu-qwc8J_AmxhfVA2PLKado_Z_h_gKxATSU8HT5kEwJZ9LZK4cek0GzKnFNfuaCQ
Zurich,https://encrypted-tbn1.gstatic.com/images?q=tbn:ANd9GcSCRBubxyDtBeVMRuz8mYJfJ6BXcFZgrTOweDpS6aFKjmb4NETUN-HyOzK-pGI48nh0A-laBLn2qEFiEw