city,lat,lng,population,country
Pozzuoli,40.8444,14.0933,76331,Italy
Cinisello Balsamo,45.55,9.2167,74528,Italy
Casoria,40.9,14.3,74021,Italy
Caserta,41.0667,14.3333,72805,Italy
L’Aquila,42.35,13.4,69558,Italy
Acilia,41.7833,12.3667,66932,Italy
Calimera,40.25,18.2833,66777,Italy
Potenza,40.6333,15.8,64406,Italy
Castellammare di Stabia,40.6947,14.4803,62772,Italy
Afragola,40.9167,14.3167,61712,Italy
Viareggio,43.8667,10.2333,60579,Italy
Legnano,45.5781,8.9183,59941,Italy
Anzio,41.4472,12.6283,58949,Italy
Marano di Napoli,40.9,14.1833,57777,Italy
Bagheria,38.0803,13.5086,52928,Italy
Gallarate,45.6667,8.8,52811,Italy
Portici,40.8197,14.3411,52054,Italy
Pordenone,45.95,12.65,51725,Italy
Cava de’ Tirreni,40.7,14.7,50539,Italy
Acireale,37.6167,15.1667,50515,Italy
Rho,45.5311,9.0406,50299,Italy
Giugliano in Campania,40.9333,14.2,123679,Italy
Monza,45.5836,9.2736,121799,Italy
Sassari,40.725,8.5586,121021,Italy
Bergamo,45.695,9.67,119534,Italy
Pescara,42.4639,14.2142,118657,Italy
Trento,46.0667,11.1167,118046,Italy
Forlì,44.2333,12.05,116440,Italy
Siracusa,37.0692,15.2875,116244,Italy
Vicenza,45.55,11.55,109823,Italy
Terni,42.5619,12.6414,106370,Italy
Bolzano,46.5,11.35,106107,Italy
Roncaglia,45.0478,9.7006,103607,Italy
Piacenza,45.0478,9.7006,102465,Italy
Novara,45.45,8.62,101257,Italy
Ancona,43.6169,13.5167,98356,Italy
Udine,46.0667,13.2333,97808,Italy
Mestre,45.4906,12.2381,89376,Italy
Catanzaro,38.9,16.6,84670,Italy
Treviso,45.6667,12.25,84607,Italy
Como,45.8167,9.0833,83184,Italy
Busto Arsizio,45.6119,8.85,82951,Italy
Torre del Greco,40.7833,14.3667,80508,Italy
Sesto San Giovanni,45.5333,9.2333,78884,Italy
Varese,45.8167,8.8333,78409,Italy
Venice,45.4375,12.3358,250369,Italy
Messina,38.1936,15.5542,218786,Italy
Padova,45.4167,11.8667,206496,Italy
Cosenza,39.3,16.25,200257,Italy
Trieste,45.6503,13.7703,198417,Italy
Parma,44.8015,10.328,196764,Italy
Brescia,45.5417,10.2167,196446,Italy
Prato,43.88,11.0983,195736,Italy
Taranto,40.4711,17.2431,188098,Italy
Modena,44.6469,10.9256,184153,Italy
Reggio di Calabria,38.1114,15.6619,170951,Italy
Reggio Emilia,44.7,10.6333,169545,Italy
Perugia,43.1122,12.3889,161748,Italy
Ravenna,44.4161,12.2017,155751,Italy
Livorno,43.5519,10.3083,152914,Italy
Rimini,44.0594,12.5683,149211,Italy
Cagliari,39.2278,9.1111,148117,Italy
Foggia,41.4642,15.5461,145348,Italy
Ferrara,44.8333,11.6167,129340,Italy
Latina,41.4672,12.9036,127564,Italy
Salerno,40.6806,14.7594,127186,Italy
Rome,41.8933,12.4828,2748109,Italy
Milan,45.4669,9.19,1354196,Italy
Naples,40.8333,14.25,913462,Italy
Turin,45.0792,7.6761,841600,Italy
Palermo,38.1111,13.3517,630167,Italy
Genoa,44.4111,8.9328,558745,Italy
Bologna,44.4939,11.3428,387971,Italy
Florence,43.7714,11.2542,360930,Italy
Bari,41.1253,16.8667,316015,Italy
Catania,37.5,15.0903,298762,Italy
Verona,45.4386,10.9928,255588,Italy
Vienna,48.2083,16.3725,2223236,Austria
Graz,47.0708,15.4386,292630,Austria
Linz,48.3058,14.2864,210165,Austria
Lochau,47.5167,9.75,200000,Austria
Salzburg,47.8,13.045,155021,Austria
Innsbruck,47.2683,11.3933,130585,Austria
Klagenfurt,46.6167,14.3,101403,Austria
Villach,46.6167,13.85,65127,Austria
Wels,48.15,14.0167,61233,Austria
Sankt Pölten,48.2,15.6167,55514,Austria
Krems an der Donau,48.4167,15.6167,50000,Austria
Tirana,41.3289,19.8178,418495,Albania
Durrës,41.3133,19.4458,175110,Albania
Vlorë,40.4667,19.4833,130827,Albania
Kamëz,41.3833,19.7667,126777,Albania
Fier,40.725,19.5572,120655,Albania
Shkodër,42.0681,19.5119,112276,Albania
Elbasan,41.1111,20.0806,78703,Albania
Korçë,40.6167,20.7667,51152,Albania
Andorra la Vella,42.5,1.5,22615,Andorra
Baku,40.3953,49.8822,2300500,Azerbaijan
Sumqayıt,40.5897,49.6686,341200,Azerbaijan
Gəncə,40.6828,46.3606,331400,Azerbaijan
Ağcabədi,40.0528,47.4614,136000,Azerbaijan
Mingəçevir,40.77,47.0489,106100,Azerbaijan
Xırdalan,40.4486,49.7564,100900,Azerbaijan
Naxçıvan,39.2161,45.4106,95100,Azerbaijan
Şatrovka,39.9319,48.9203,87400,Azerbaijan
Qaraçuxur,40.3967,49.9736,85900,Azerbaijan
Hövsan,40.3744,50.0853,85000,Azerbaijan
Bakıxanov,40.4217,49.9644,71600,Azerbaijan
Şirvan,39.9323,48.9203,70684,Azerbaijan
Şəki,41.2,47.1667,68360,Azerbaijan
Yevlax,40.6172,47.15,59036,Azerbaijan
M.Ə. Rəsulzadə,40.4344,49.8336,51800,Azerbaijan
Lənkəran,38.7536,48.8511,51300,Azerbaijan
Yerevan,40.1814,44.5144,1075800,Armenia
Gyumri,40.7894,43.8475,121976,Armenia
Vanadzor,40.8128,44.4883,90525,Armenia
Ejmiatsin,40.1728,44.2925,57500,Armenia
Hrazdan,40.5,44.7667,52808,Armenia
Minsk,53.9,27.5667,1995471,Belarus
Homyel’,52.4453,30.9842,501802,Belarus
Vitsyebsk,55.1917,30.2056,359148,Belarus
Hrodna,53.6667,23.8333,358717,Belarus
Mahilyow,53.9167,30.35,353338,Belarus
Brest,52.1347,23.6569,342461,Belarus
Babruysk,53.15,29.2333,208611,Belarus
Baranavichy,53.1333,26.0167,172150,Belarus
Horad Barysaw,54.2279,28.505,155389,Belarus
Pinsk,52.1153,26.1031,124613,Belarus
Mazyr,52.05,29.25,105321,Belarus
Lida,53.8956,25.2958,103915,Belarus
Orsha,54.5092,30.4258,103658,Belarus
Salihorsk,52.8,27.5333,98590,Belarus
Navapolatsk,55.5333,28.65,96320,Belarus
Maladzyechna,54.3208,26.8572,89268,Belarus
Polatsk,55.4833,28.8,79960,Belarus
Zhlobin,52.9,30.0333,77049,Belarus
Rechytsa,52.3639,30.3947,65423,Belarus
Horad Zhodzina,54.1,28.35,64000,Belarus
Svyetlahorsk,52.6333,29.7333,63202,Belarus
Slutsk,53.0333,27.5667,60376,Belarus
Kobryn,52.2167,24.3667,52670,Belarus
Brussels,50.8467,4.3525,1235192,Belgium
Antwerp,51.2178,4.4003,536079,Belgium
Gent,51.0536,3.7253,265086,Belgium
Charleroi,50.4,4.4333,201816,Belgium
Liège,50.6397,5.5706,195278,Belgium
Schaarbeek,50.8675,4.3736,132799,Belgium
Anderlecht,50.8333,4.3333,120887,Belgium
Bruges,51.2089,3.2242,118509,Belgium
Namur,50.4667,4.8667,110939,Belgium
Moortebeek,50.8547,4.3386,97979,Belgium
Aalst,50.9383,4.0392,88854,Belgium
Mechelen,51.0278,4.4806,86921,Belgium
Deurne,51.2247,4.4625,82270,Belgium
La Louvière,50.4667,4.1833,80986,Belgium
Sint-Niklaas,51.1667,4.1333,80167,Belgium
Kortrijk,50.8275,3.2658,77741,Belgium
Ostend,51.2258,2.9194,71557,Belgium
Roeselare,50.9333,3.1167,64495,Belgium
Seraing,50.5833,5.5,64270,Belgium
Laeken,50.8778,4.3558,60295,Belgium
Mouscron,50.7333,3.2167,58234,Belgium
Forest,50.8131,4.3247,56581,Belgium
Verviers,50.5833,5.85,55198,Belgium
Jette,50.8667,4.3333,52728,Belgium
Sarajevo,43.8564,18.4131,419957,Bosnia and Herzegovina
Banja Luka,44.7725,17.1925,185042,Bosnia and Herzegovina
Bijeljina,44.7569,19.2161,114663,Bosnia and Herzegovina
Mostar,43.3436,17.8075,113169,Bosnia and Herzegovina
Tuzla,44.5381,18.6761,110979,Bosnia and Herzegovina
Zenica,44.2039,17.9078,70553,Bosnia and Herzegovina
Ilidža,43.8167,18.3,66730,Bosnia and Herzegovina
Živinice,44.45,18.65,57765,Bosnia and Herzegovina
Sofia,42.7,23.33,1547779,Bulgaria
Varna,43.2167,27.9167,348594,Bulgaria
Plovdiv,42.15,24.75,346893,Bulgaria
Burgas,42.503,27.4702,210813,Bulgaria
Ruse,43.8231,25.9539,143325,Bulgaria
Stara Zagora,42.4256,25.6344,142746,Bulgaria
Pleven,43.4078,24.6203,119596,Bulgaria
Sliven,42.6833,26.3333,115241,Bulgaria
Pernik,42.6,23.0333,97181,Bulgaria
Pazardzhik,42.2,24.3333,90309,Bulgaria
Dobrich,43.5667,27.8333,89701,Bulgaria
Shumen,43.2833,26.9333,85410,Bulgaria
Haskovo,41.9333,25.5667,83682,Bulgaria
Veliko Tarnovo,43.0778,25.6167,76834,Bulgaria
Blagoevgrad,42.0119,23.0897,74066,Bulgaria
Yambol,42.4833,26.5,70588,Bulgaria
Kazanlak,42.6167,25.4,66169,Bulgaria
Asenovgrad,42.0167,24.8667,65962,Bulgaria
Kyustendil,42.2833,22.6833,60681,Bulgaria
Vratsa,43.2,23.55,60361,Bulgaria
Gabrovo,42.8667,25.3333,54608,Bulgaria
Targovishte,43.25,26.5833,53041,Bulgaria
Kardzhali,41.65,25.3667,51841,Bulgaria
Zagreb,45.8131,15.9775,767131,Croatia
Split,43.51,16.44,160577,Croatia
Rijeka,45.3272,14.4411,107964,Croatia
Osijek,45.5556,18.6944,96313,Croatia
Sesvete,45.8269,16.1111,70800,Croatia
Zadar,44.1194,15.2319,70779,Croatia
Velika Gorica,45.7,16.0667,61075,Croatia
Pula,44.8703,13.8456,52220,Croatia
Nicosia,35.1725,33.365,330000,Cyprus
Limassol,34.6747,33.0442,235056,Cyprus
Larnaca,34.9167,33.6333,84900,Cyprus
Paphos,34.7667,32.4167,63600,Cyprus
Prague,50.0875,14.4214,1357326,Czechia
Brno,49.1925,16.6083,396101,Czechia
Ostrava,49.8356,18.2925,283504,Czechia
Plzeň,49.7475,13.3775,181240,Czechia
Liberec,50.7667,15.0667,107389,Czechia
Olomouc,49.5939,17.2508,101825,Czechia
České Budějovice,48.9747,14.4747,96417,Czechia
Hradec Králové,50.2092,15.8322,93506,Czechia
Pardubice,50.0386,15.7792,92149,Czechia
Ústí nad Labem,50.6583,14.0417,91963,Czechia
Zlín,49.2331,17.6669,74191,Czechia
Havířov,49.7831,18.4228,70245,Czechia
Kladno,50.1431,14.1053,68436,Czechia
Most,50.5031,13.6367,63856,Czechia
Opava,49.9381,17.9044,55512,Czechia
Frýdek-Místek,49.6856,18.3506,54188,Czechia
Jihlava,49.4003,15.5906,52548,Czechia
Teplice,50.6444,13.8319,50843,Czechia
Karviná,49.8542,18.5428,50172,Czechia
Copenhagen,55.6761,12.5683,1366301,Denmark
Aarhus,56.1572,10.2107,290598,Denmark
Odense,55.3958,10.3886,182387,Denmark
Aalborg,57.05,9.9167,143598,Denmark
Esbjerg,55.4833,8.45,71921,Denmark
Randers,56.457,10.039,64057,Denmark
Horsens,55.8583,9.85,63162,Denmark
Kolding,55.4917,9.5,62338,Denmark
Vejle,55.7167,9.5333,61310,Denmark
Roskilde,55.65,12.0833,52580,Denmark
Herning,56.1333,8.9833,51193,Denmark
Silkeborg,56.1833,9.5517,50866,Denmark
Tallinn,59.4372,24.7453,614561,Estonia
Tartu,58.3833,26.7167,97524,Estonia
Narva,59.3758,28.1961,53875,Estonia
Riga,56.9489,24.1064,920643,Latvia
Daugavpils,55.875,26.5356,78850,Latvia
Liepāja,56.5117,21.0139,67088,Latvia
Jelgava,56.6483,23.7139,54836,Latvia
Jūrmala,56.9681,23.7703,51158,Latvia
Helsinki,60.1708,24.9375,1360075,Finland
Tampere,61.4981,23.76,334112,Finland
Espoo,60.2056,24.6556,297132,Finland
Turku,60.45,22.2667,252468,Finland
Vantaa,60.2944,25.0403,214605,Finland
Oulu,65.0142,25.4719,208939,Finland
Jyväskylä,62.2417,25.7417,145887,Finland
Kuopio,62.8925,27.6783,121557,Finland
Lahti,60.9833,25.65,118119,Finland
Kouvola,60.8681,26.7042,85855,Finland
Pori,61.4833,21.8,85363,Finland
Joensuu,62.6,29.75,75514,Finland
Lappeenranta,61.0667,28.1833,72650,Finland
Hämeenlinna,60.9944,24.4667,68011,Finland
Vaasa,63.1,21.6167,67619,Finland
Seinäjoki,62.7917,22.8417,64150,Finland
Rovaniemi,66.5,25.7333,62420,Finland
Mikkeli,61.689,27.272,54621,Finland
Salo,60.3861,23.125,52984,Finland
Kotka,60.4667,26.9417,50617,Finland
Paris,48.8567,2.3522,11060000,France
Bordeaux,44.84,-0.58,994920,France
Marseille,43.2964,5.37,873076,France
Lyon,45.76,4.84,522250,France
Toulouse,43.6045,1.444,504078,France
Nice,43.7034,7.2663,348085,France
Nantes,47.2181,-1.5528,323204,France
Montpellier,43.6119,3.8772,302454,France
Strasbourg,48.5833,7.7458,291313,France
Lille,50.6278,3.0583,236710,France
Rennes,48.1147,-1.6794,225081,France
Toulon,43.1258,5.9306,180452,France
Reims,49.2628,4.0347,179380,France
Saint-Étienne,45.4347,4.3903,172718,France
Le Havre,49.49,0.1,166058,France
Dijon,47.3167,5.0167,159346,France
Grenoble,45.1715,5.7224,157477,France
Angers,47.4736,-0.5542,157175,France
Villeurbanne,45.7667,4.8803,156928,France
Nîmes,43.8383,4.3597,148104,France
Aix-en-Provence,43.5263,5.4454,147478,France
Clermont-Ferrand,45.7831,3.0824,147327,France
Le Mans,48.0077,0.1984,145004,France
Brest,48.39,-4.49,139619,France
Tours,47.3936,0.6892,137658,France
Amiens,49.892,2.299,133625,France
Annecy,45.916,6.133,131715,France
Limoges,45.8353,1.2625,129760,France
Metz,49.1203,6.1778,120874,France
Boulogne-Billancourt,48.8352,2.2409,119808,France
Perpignan,42.6986,2.8956,119656,France
Besançon,47.24,6.02,119198,France
Orléans,47.9025,1.909,116617,France
Rouen,49.4428,1.0886,114083,France
Saint-Denis,48.9356,2.3539,113942,France
Montreuil,48.8611,2.4436,111455,France
Caen,49.1814,-0.3636,108200,France
Argenteuil,48.95,2.25,107221,France
Mulhouse,47.75,7.34,106341,France
Nancy,48.6936,6.1846,104260,France
Tourcoing,50.7239,3.1612,99011,France
Roubaix,50.6901,3.1817,98892,France
Nanterre,48.8988,2.1969,97351,France
Vitry-sur-Seine,48.7875,2.3928,96205,France
Créteil,48.7911,2.4628,92989,France
Poitiers,46.58,0.34,90240,France
Aubervilliers,48.9131,2.3831,90071,France
Colombes,48.9236,2.2522,88870,France
Dunkerque,51.0383,2.3775,86788,France
Aulnay-sous-Bois,48.9386,2.4906,86135,France
Versailles,48.8053,2.135,83587,France
Courbevoic,48.8978,2.2531,81516,France
La Rochelle,46.16,-1.15,78535,France
Rueil-Malmaison,48.876,2.181,78186,France
Champigny-sur-Marne,48.8172,2.5156,77724,France
Pau,43.3,-0.37,77066,France
Mérignac,44.8386,-0.6436,75729,France
Saint-Maur-des-Fossés,48.7994,2.4997,75441,France
Antibes,43.5808,7.1239,75130,France
Ajaccio,41.9267,8.7369,73822,France
Cannes,43.5513,7.0128,73255,France
Saint-Nazaire,47.2736,-2.2139,72057,France
Drancy,48.93,2.45,71363,France
Noisy-le-Grand,48.8478,2.5528,70374,France
Issy-les-Moulineaux,48.8239,2.27,68580,France
Cergy,49.0361,2.0631,68348,France
Levallois-Perret,48.895,2.2872,68009,France
Calais,50.9481,1.8564,67380,France
Pessac,44.8067,-0.6311,66760,France
Vénissieux,45.6969,4.8858,66363,France
Clichy,48.9044,2.3064,64849,France
Valence,44.9333,4.8917,64483,France
Ivry-sur-Seine,48.8078,2.3747,64001,France
Antony,48.7539,2.2975,63232,France
Troyes,48.2997,4.0792,62782,France
La Seyne-sur-Mer,43.1,5.883,62763,France
Pantin,48.8966,2.4017,60800,France
Chambéry,45.57,5.9118,59856,France
Neuilly-sur-Seine,48.8881,2.2686,59267,France
Sarcelles,48.9956,2.3808,58424,France
Le Blanc-Mesnil,48.9387,2.4614,58257,France
Maisons-Alfort,48.8058,2.4378,58068,France
Lorient,47.75,-3.36,57846,France
Villejuif,48.7919,2.3636,57753,France
Bellevue,48.871,2.385,57699,France
Beauvais,49.4303,2.0952,56677,France
Meaux,48.9603,2.8883,55616,France
Bobigny,48.9106,2.4397,55056,France
Clamart,48.8014,2.2628,54491,France
Vannes,47.6559,-2.7603,54420,France
Chelles,48.8833,2.6,54309,France
Évry,48.6238,2.4296,53641,France
Épinay-sur-Seine,48.9553,2.3092,53489,France
Saint-Ouen,48.9123,2.3342,53207,France
Saint-Quentin,49.8486,3.2864,52958,France
Bondy,48.9022,2.4828,52905,France
Bayonne,43.49,-1.48,52749,France
Corbeil-Essonnes,48.6139,2.482,52683,France
Cagnes-sur-Mer,43.6644,7.1489,52580,France
Vaulx-en-Velin,45.7768,4.9186,52139,France
Sevran,48.9333,2.5333,51845,France
Fontenay-sous-Bois,48.8517,2.4772,51812,France
Sartrouville,48.9372,2.1644,51220,France
Massy,48.7309,2.2713,50962,France
Athens,37.9842,23.7281,3059764,Greece
Thessaloníki,40.6403,22.9347,802572,Greece
Piraeus,37.943,23.6469,448051,Greece
Irákleio,35.3403,25.1344,211370,Greece
Pátra,38.25,21.7333,173600,Greece
Lárisa,39.6417,22.4167,148562,Greece
Peristéri,38.0167,23.6833,139981,Greece
Acharnés,38.0833,23.7333,108130,Greece
Kallithéa,37.95,23.7,97616,Greece
Kalamariá,40.5833,22.95,91279,Greece
Glyfáda,37.8667,23.75,89597,Greece
Níkaia,37.9667,23.6333,89380,Greece
Vólos,39.3667,22.9333,85803,Greece
Ílion,38.0333,23.7,84793,Greece
Évosmos,40.6689,22.9083,79221,Greece
Ilioúpoli,37.9333,23.75,78153,Greece
Chalándri,38.0167,23.8,77102,Greece
Keratsíni,37.9667,23.6167,77077,Greece
Néa Smýrni,37.95,23.7167,73076,Greece
Maroúsi,38.05,23.8,72333,Greece
Ágios Dimítrios,37.9333,23.7333,71664,Greece
Zográfos,37.9783,23.7717,71026,Greece
Aigáleo,37.992,23.678,69946,Greece
Néa Ionía,38.0333,23.75,67134,Greece
Kavála,40.9333,24.4,65857,Greece
Ioánnina,39.6636,20.8522,64896,Greece
Palaió Fáliro,37.9333,23.7,64863,Greece
Korydallós,37.9833,23.65,63445,Greece
Agía Paraskeví,38.0117,23.82,62147,Greece
Výronas,37.9617,23.7533,61535,Greece
Galátsi,38.0167,23.75,59345,Greece
Chalkída,38.4625,23.595,59125,Greece
Petroúpoli,38.0333,23.6833,58979,Greece
Kalamáta,37.0378,22.1111,58816,Greece
Ródos,36.4412,28.2225,56969,Greece
Thérmi,40.55,23.0167,55358,Greece
Pallíni,38,23.8833,54415,Greece
Komotiní,41.1219,25.4042,54165,Greece
Chaniá,35.5167,24.0167,53910,Greece
Berlin,52.52,13.405,4890363,Germany
Stuttgart,48.7775,9.18,2787724,Germany
Munich,48.1375,11.575,2606021,Germany
Hamburg,53.55,10,2484800,Germany
Cologne,50.9364,6.9528,1084831,Germany
Frankfurt,50.1106,8.6822,773068,Germany
Düsseldorf,51.2333,6.7833,629047,Germany
Leipzig,51.34,12.375,616093,Germany
Dortmund,51.5139,7.4653,593317,Germany
Essen,51.4508,7.0131,584580,Germany
Bremen,53.0758,8.8072,569396,Germany
Dresden,51.05,13.74,563311,Germany
Hannover,52.3667,9.7167,545045,Germany
Nuremberg,49.4539,11.0775,523026,Germany
Duisburg,51.4347,6.7625,502211,Germany
Bochum,51.4819,7.2158,365742,Germany
Wuppertal,51.2667,7.1833,358876,Germany
Bielefeld,52.0211,8.5347,338332,Germany
Bonn,50.7333,7.1,336465,Germany
Münster,51.9625,7.6256,320946,Germany
Mannheim,49.4878,8.4661,315554,Germany
Karlsruhe,49.0092,8.404,308707,Germany
Augsburg,48.3689,10.8978,301033,Germany
Wiesbaden,50.0825,8.24,283083,Germany
Mönchengladbach,51.2,6.4333,268465,Germany
Gelsenkirchen,51.5167,7.1,263000,Germany
Aachen,50.7756,6.0836,252136,Germany
Braunschweig,52.2667,10.5167,251804,Germany
Chemnitz,50.8333,12.9167,248563,Germany
Kiel,54.3233,10.1394,247717,Germany
Halle,51.4828,11.9697,242083,Germany
Magdeburg,52.1317,11.6392,239364,Germany
Freiburg im Breisgau,47.995,7.85,236140,Germany
Krefeld,51.3333,6.5667,228426,Germany
Mainz,49.9994,8.2736,220552,Germany
Lübeck,53.8697,10.6864,218095,Germany
Oberhausen,51.4967,6.8706,210824,Germany
Rostock,54.0833,12.1333,209920,Germany
Kassel,51.3158,9.4979,204202,Germany
Hagen,51.3667,7.4833,189783,Germany
Potsdam,52.4,13.0667,185750,Germany
Saarbrücken,49.2333,7,181959,Germany
Hamm,51.6667,7.8167,180849,Germany
Ludwigshafen,49.4811,8.4353,174265,Germany
Oldenburg,53.1439,8.2139,172830,Germany
Mülheim,51.4275,6.8825,172404,Germany
Osnabrück,52.2833,8.05,167366,Germany
Leverkusen,51.0333,6.9833,165748,Germany
Heidelberg,49.4167,8.7167,162273,Germany
Darmstadt,49.8722,8.6528,162243,Germany
Solingen,51.1667,7.0833,160643,Germany
Regensburg,49.0167,12.0833,157443,Germany
Herne,51.55,7.2167,157368,Germany
Paderborn,51.7181,8.7542,154755,Germany
Neuss,51.2,6.7,154139,Germany
Ingolstadt,48.7631,11.425,141029,Germany
Fürth,49.4667,11,131433,Germany
Ulm,48.4,9.9833,128928,Germany
Heilbronn,49.15,9.2167,128334,Germany
Pforzheim,48.895,8.705,127849,Germany
Würzburg,49.7833,9.9333,127810,Germany
Wolfsburg,52.4231,10.7872,125961,Germany
Göttingen,51.5339,9.9356,118946,Germany
Bottrop,51.5247,6.9228,118113,Germany
Reutlingen,48.4833,9.2167,117547,Germany
Erlangen,49.5833,11.0167,116562,Germany
Bremerhaven,53.55,8.5833,115468,Germany
Koblenz,50.3597,7.5978,115268,Germany
Bergisch Gladbach,50.9918,7.1303,112712,Germany
Remscheid,51.1833,7.2,112613,Germany
Trier,49.7567,6.6414,112195,Germany
Recklinghausen,51.585,7.1619,111734,Germany
Jena,50.9272,11.5861,111191,Germany
Moers,51.4592,6.6197,105287,Germany
Salzgitter,52.15,10.3333,104548,Germany
Siegen,50.8833,8.0167,102560,Germany
Gütersloh,51.9,8.3833,102393,Germany
Hildesheim,52.15,9.95,101858,Germany
Hanau,50.1328,8.9169,101364,Germany
Kaiserslautern,49.4447,7.7689,101228,Germany
Schwerin,53.6333,11.4167,98596,Germany
Esslingen,48.7333,9.3167,94941,Germany
Ludwigsburg,48.8975,9.1922,94157,Germany
Flensburg,54.7819,9.4367,92550,Germany
Gladbeck,51.5667,6.9667,75889,Germany
Rosenheim,47.85,12.1333,64403,Germany
Herten,51.6,7.1333,62473,Germany
Sankt Augustin,50.77,7.1867,56369,Germany
Hilden,51.1714,6.9394,55815,Germany
Elmshorn,53.7519,9.6511,50772,Germany
Tbilisi,41.7225,44.7925,1118035,Georgia
Batumi,41.6458,41.6417,169095,Georgia
Kutaisi,42.25,42.7,147900,Georgia
Rustavi,41.5436,45.0117,132333,Georgia
Sokhumi,43,41.0167,64441,Georgia
Iormughanlo,41.5961,45.5294,51000,Georgia
Reykjavík,64.1467,-21.94,139875,Iceland
Luxembourg,49.6117,6.1319,132780,Luxembourg
Schaan,47.1667,9.5097,5998,Liechtenstein
Vaduz,47.141,9.521,5696,Liechtenstein
Vilnius,54.6872,25.28,716856,Lithuania
Kaunas,54.8972,23.8861,393397,Lithuania
Klaipėda,55.7125,21.135,158420,Lithuania
Panevėžys,55.7333,24.35,124412,Lithuania
Šiauliai,55.9333,23.3167,104300,Lithuania
Alytus,54.4014,24.0492,51856,Lithuania
Valletta,35.8983,14.5125,480134,Malta
Qormi,35.8794,14.4722,93897,Malta
Chisinau,47.0228,28.8353,702300,Moldova
Tiraspol,46.8403,29.6433,133807,Moldova
Bălţi,47.7667,27.9167,97930,Moldova
Bender,46.8333,29.4833,76158,Moldova
Rîbniţa,47.7667,29,56988,Moldova
Monaco,43.7333,7.4167,36371,Monaco
Podgorica,42.4414,19.2628,173024,Montenegro
Tilburg,51.55,5.0833,1944588,Netherlands
Amsterdam,52.3728,4.8936,1459402,Netherlands
Rotterdam,51.92,4.48,664311,Netherlands
The Hague,52.08,4.31,548320,Netherlands
Utrecht,52.0908,5.1217,359370,Netherlands
Maastricht,50.85,5.6833,277721,Netherlands
Eindhoven,51.4333,5.4833,243730,Netherlands
Groningen,53.2189,6.5675,233273,Netherlands
Almere,52.3667,5.2167,214715,Netherlands
Breda,51.5889,4.7758,184126,Netherlands
Nijmegen,51.8475,5.8625,177659,Netherlands
Arnhem,51.9833,5.9167,164096,Netherlands
Haarlem,52.3833,4.6333,162543,Netherlands
Enschede,52.2225,6.8925,159703,Netherlands
’s-Hertogenbosch,51.6833,5.3,157486,Netherlands
Amersfoort,52.15,5.3833,157462,Netherlands
Zaanstad,52.4333,4.8167,156901,Netherlands
Apeldoorn,52.2167,5.9667,138945,Netherlands
Zwolle,52.5167,6.1,129840,Netherlands
Zoetermeer,52.0667,4.5,125267,Netherlands
Leeuwarden,53.2,5.7833,124481,Netherlands
Leiden,52.16,4.49,124093,Netherlands
Dordrecht,51.7958,4.6783,121434,Netherlands
Alphen aan den Rijn,52.1333,4.6667,114182,Netherlands
Alkmaar,52.6333,4.75,111766,Netherlands
Delft,52.0117,4.3592,109435,Netherlands
Emmen,52.7833,6.9,107024,Netherlands
Deventer,52.25,6.15,101236,Netherlands
Helmond,51.4833,5.65,92627,Netherlands
Hilversum,52.2333,5.1667,91235,Netherlands
Heerlen,50.8833,5.9833,86936,Netherlands
Lelystad,52.5,5.4833,83033,Netherlands
Purmerend,52.5,4.95,81515,Netherlands
Hengelo,52.2653,6.7931,81049,Netherlands
Schiedam,51.9167,4.4,79279,Netherlands
Zaandam,52.4333,4.8333,78682,Netherlands
Hoofddorp,52.3061,4.6907,77885,Netherlands
Vlaardingen,51.9,4.35,73924,Netherlands
Gouda,52.0111,4.7111,73681,Netherlands
Hoorn,52.65,5.0667,73619,Netherlands
Almelo,52.35,6.6667,73132,Netherlands
Spijkenisse,51.85,4.3333,72740,Netherlands
Amstelveen,52.3,4.85,69823,Netherlands
Assen,53,6.5667,68836,Netherlands
Velsen-Zuid,52.4667,4.6167,68617,Netherlands
Capelle aan den IJssel,51.9333,4.5833,67319,Netherlands
Veenendaal,52.0167,5.55,66912,Netherlands
Katwijk,52.2,4.4167,66607,Netherlands
Zeist,52.0906,5.2331,65043,Netherlands
Nieuwegein,52.0333,5.0833,63866,Netherlands
Scheveningen,52.1081,4.2731,58850,Netherlands
Heerhugowaard,52.6667,4.8333,58387,Netherlands
Roermond,51.2,5.9833,57308,Netherlands
Oosterhout,51.6333,4.8667,56206,Netherlands
Rijswijk,52.0333,4.3167,55220,Netherlands
Houten,52.0333,5.1667,50223,Netherlands
Oslo,59.9133,10.7389,1064235,Norway
Bergen,60.3894,5.33,291189,Norway
Stavanger,58.97,5.7314,237369,Norway
Sandnes,58.8517,5.7361,237369,Norway
Trondheim,63.4297,10.3933,212660,Norway
Kristiansand,58.1472,7.9972,125000,Norway
Sandvika,59.8833,10.5167,115543,Norway
Drammen,59.7378,10.205,109416,Norway
Asker,59.8353,10.435,61523,Norway
Tønsberg,59.2675,10.4076,52419,Norway
Ålesund,62.474,6.1582,52163,Norway
Skien,59.2081,9.5528,50607,Norway
Warsaw,52.23,21.0111,1860281,Poland
Kraków,50.0614,19.9372,804237,Poland
Wrocław,51.11,17.0325,672929,Poland
Łódź,51.7769,19.4547,670642,Poland
Poznań,52.4083,16.9336,546859,Poland
Gdańsk,54.3475,18.6453,486022,Poland
Szczecin,53.4325,14.5481,396168,Poland
Bydgoszcz,53.1219,18.0003,337666,Poland
Lublin,51.25,22.5667,334681,Poland
Białystok,53.1353,23.1456,294242,Poland
Katowice,50.2625,19.0217,285711,Poland
Gdynia,54.5175,18.54,245222,Poland
Zielona Góra,51.9333,15.5,216781,Poland
Częstochowa,50.8,19.1167,213107,Poland
Radom,51.4036,21.1567,201601,Poland
Toruń,53.0222,18.6111,198273,Poland
Rzeszów,50.0333,22,195871,Poland
Sosnowiec,50.2833,19.1333,193660,Poland
Kielce,50.8742,20.6333,186894,Poland
Gliwice,50.2833,18.6667,174016,Poland
Olsztyn,53.7778,20.4792,170225,Poland
Bielsko-Biała,49.8225,19.0444,169089,Poland
Zabrze,50.3025,18.7781,158307,Poland
Bytom,50.3483,18.9156,153274,Poland
Ruda Śląska,50.2628,18.8536,133793,Poland
Rybnik,50.0833,18.55,133772,Poland
Opole,50.6667,17.9333,127387,Poland
Tychy,50.1236,18.9867,124882,Poland
Gorzów Wielkopolski,52.7333,15.25,119964,Poland
Dąbrowa Górnicza,50.3214,19.1872,116930,Poland
Elbląg,54.1667,19.4,115220,Poland
Płock,52.55,19.7,114594,Poland
Tarnów,50.0125,20.9886,106259,Poland
Koszalin,54.2,16.1833,105883,Poland
Włocławek,52.6592,19.0681,104705,Poland
Wałbrzych,50.7667,16.2833,104401,Poland
Chorzów,50.3,18.95,104193,Poland
Kalisz,51.7575,18.08,95905,Poland
Legnica,51.2083,16.1603,94878,Poland
Nowy Sącz,49.6239,20.6972,81281,Poland
Mysłowice,50.2333,19.1333,72553,Poland
Ostrów Wielkopolski,51.6494,17.8164,70725,Poland
Lubin,51.4,16.2,70016,Poland
Inowrocław,52.7931,18.2611,69576,Poland
Stargard Szczeciński,53.3333,15.0333,67348,Poland
Gniezno,52.5358,17.5958,65452,Poland
Pruszków,52.1667,20.8,65283,Poland
Ostrowiec Świętokrzyski,50.9333,21.4,64796,Poland
Siemianowice Śląskie,50.2758,18.9858,64676,Poland
Głogów,51.6589,16.0803,64261,Poland
Pabianice,51.65,19.3833,62954,Poland
Leszno,51.8458,16.5806,61791,Poland
Ełk,53.8214,22.3622,60390,Poland
Zamość,50.7167,23.2528,60148,Poland
Chełm,51.1322,23.4778,59546,Poland
Tomaszów Mazowiecki,51.5167,20.0167,59388,Poland
Mielec,50.2833,21.4333,58213,Poland
Tczew,54.0875,18.7972,57990,Poland
Będzin,50.3333,19.1167,55695,Poland
Zgierz,51.85,19.4167,55079,Poland
Świdnica,50.85,16.4833,54792,Poland
Bełchatów,51.3667,19.3667,54338,Poland
Legionowo,52.4,20.8833,53216,Poland
Piekary Śląskie,50.3833,18.95,53017,Poland
Rumia,54.5667,18.4,51879,Poland
Porto,41.1621,-8.622,1278210,Portugal
Lisbon,38.7253,-9.15,548703,Portugal
Aves,41.44,-8.3,425411,Portugal
Sintra,38.7992,-9.3883,377835,Portugal
Vila Nova de Gaia,41.1333,-8.6167,302295,Portugal
Cascais,38.7,-9.4167,214158,Portugal
Loures,38.8333,-9.1667,201632,Portugal
Seixal,38.65,-9.1,184269,Portugal
Braga,41.5503,-8.42,181494,Portugal
Almada,38.6803,-9.1583,177268,Portugal
Matosinhos,41.1833,-8.7,175478,Portugal
Amadora,38.7333,-9.2333,175136,Portugal
Oeiras,38.6833,-9.3167,171802,Portugal
Gondomar,41.15,-8.5333,168027,Portugal
Guimarães,41.45,-8.3,158124,Portugal
Odivelas,38.7903,-9.1797,144549,Portugal
Coimbra,40.2028,-8.4139,143396,Portugal
Vila Franca de Xira,38.95,-8.9833,136886,Portugal
Maia,41.2333,-8.6167,135306,Portugal
Famalicão,41.4,-8.5167,133832,Portugal
Leiria,39.75,-8.8,126897,Portugal
Barcelos,41.5167,-8.6167,120391,Portugal
Viseu,40.6667,-7.9167,99274,Portugal
Viana do Castelo,41.7,-8.8333,88725,Portugal
Aveiro,40.6333,-8.65,78450,Portugal
Barreiro,38.6667,-9.0667,78345,Portugal
Queluz,38.7514,-9.2664,78273,Portugal
Ponta Delgada,37.7411,-25.6806,68809,Portugal
Faro,37.0161,-7.935,64560,Portugal
Santarém,39.2339,-8.6861,62200,Portugal
Castelo Branco,39.8167,-7.5,56109,Portugal
Ovar,40.8667,-8.6333,55398,Portugal
Évora,38.5667,-7.9,53591,Portugal
Vila Real,41.2958,-7.7461,51850,Portugal
Rio Tinto,41.178,-8.56,50713,Portugal
Skopje,41.9961,21.4317,526502,North Macedonia
Kumanovo,42.1322,21.7144,70842,North Macedonia
Bitola,41.0319,21.3347,69287,North Macedonia
Prilep,41.3464,21.5542,63308,North Macedonia
Tetovo,42.0103,20.9714,63176,North Macedonia
Bucharest,44.4325,26.1039,2412530,Romania
Cluj-Napoca,46.7667,23.5833,286598,Romania
Iaşi,47.1622,27.5889,271692,Romania
Constanţa,44.1667,28.6333,263707,Romania
Timişoara,45.7597,21.23,250849,Romania
Braşov,45.6667,25.6167,237589,Romania
Craiova,44.3333,23.8167,234140,Romania
Galaţi,45.4233,28.0425,217851,Romania
Oradea,47.0722,21.9211,183105,Romania
Ploieşti,44.9411,26.0225,180539,Romania
Brăila,45.2692,27.9575,154686,Romania
Arad,46.175,21.3125,145078,Romania
Piteşti,44.8606,24.8678,141275,Romania
Bacău,46.5833,26.9167,136087,Romania
Sibiu,45.7928,24.1519,134308,Romania
Târgu-Mureş,46.5456,24.5625,116033,Romania
Baia Mare,47.6567,23.5719,108759,Romania
Buzău,45.1531,26.8208,103481,Romania
Râmnicu Vâlcea,45.1047,24.3756,93151,Romania
Satu Mare,47.79,22.89,91520,Romania
Botoşani,47.7486,26.6694,90010,Romania
Suceava,47.6514,26.2556,84322,Romania
Reşiţa,45.3008,21.8892,83324,Romania
Drobeta-Turnu Severin,44.6333,22.65,79865,Romania
Piatra Neamţ,46.9275,26.3708,79679,Romania
Bistriţa,47.1333,24.5,78877,Romania
Târgu Jiu,45.0342,23.2747,73545,Romania
Târgovişte,44.9244,25.4572,66965,Romania
Focşani,45.7,27.1797,66648,Romania
Tulcea,45.19,28.8,65624,Romania
Alba Iulia,46.0669,23.57,64227,Romania
Slatina,44.4297,24.3642,63487,Romania
Vaslui,46.6383,27.7292,63035,Romania
Călăraşi,44.2,27.3333,58211,Romania
Giurgiu,43.9008,25.9739,54551,Romania
Popeşti-Leordeni,44.38,26.17,53434,Romania
Deva,45.8781,22.9144,53113,Romania
Bârlad,46.2167,27.6667,52475,Romania
Zalău,47.1911,23.0572,52359,Romania
Hunedoara,45.7697,22.9203,50457,Romania
Floreşti,46.7475,23.4908,50307,Romania
Sfântu-Gheorghe,45.8636,25.7875,50080,Romania
Moscow,55.7558,37.6172,17332000,Russia
Saint Petersburg,59.9375,30.3086,5384342,Russia
Novosibirsk,55.05,82.95,1625631,Russia
Yekaterinburg,56.8356,60.6128,1468833,Russia
Kazan,55.7964,49.1089,1259173,Russia
Nizhniy Novgorod,56.3269,44.0075,1244254,Russia
Chelyabinsk,55.1547,61.3758,1196680,Russia
Omsk,54.9833,73.3667,1172070,Russia
Samara,53.2028,50.1408,1169719,Russia
Rostov,47.2225,39.71,1137704,Russia
Ufa,54.7261,55.9475,1115560,Russia
Krasnoyarsk,56.0089,92.8719,1083865,Russia
Voronezh,51.6717,39.2106,1051995,Russia
Perm,58,56.3167,1048005,Russia
Volgograd,48.7086,44.5147,1004763,Russia
Krasnodar,45.0333,38.9667,948827,Russia
Tyumen,57.15,65.5333,855600,Russia
Saratov,51.5333,46.0167,845300,Russia
Tolyatti,53.5089,49.4222,685619,Russia
Makhachkala,42.9667,47.4833,662600,Russia
Izhevsk,56.8333,53.1833,646277,Russia
Barnaul,53.3486,83.7764,631124,Russia
Ulyanovsk,54.3167,48.3667,624518,Russia
Irkutsk,52.2833,104.2833,623736,Russia
Khabarovsk,48.4833,135.0833,616242,Russia
Yaroslavl,57.6167,39.85,601403,Russia
Vladivostok,43.1333,131.9,597240,Russia
Tomsk,56.5,84.9667,572740,Russia
Orenburg,51.7833,55.1,564773,Russia
Kemerovo,55.3667,86.0667,558973,Russia
Novokuznetsk,53.7667,87.1333,552105,Russia
Ryazan,54.63,39.7425,537622,Russia
Naberezhnyye Chelny,55.6833,52.3167,533839,Russia
Astrakhan,46.35,48.035,524371,Russia
Penza,53.2,45,516450,Russia
Lipetsk,52.6167,39.6,503216,Russia
Kirov,58.6,49.6833,501468,Russia
Kaliningrad,54.7003,20.4531,498260,Russia
Cheboksary,56.15,47.2333,489498,Russia
Balashikha,55.8167,37.9667,468221,Russia
Tula,54.2,37.6167,467955,Russia
Kursk,51.7167,36.1833,450977,Russia
Stavropol,45.05,41.9833,450680,Russia
Ulan-Ude,51.8333,107.6,439128,Russia
Tver,56.8625,35.9242,424969,Russia
Magnitogorsk,53.3833,59.0333,418241,Russia
Sochi,43.5853,39.7203,411524,Russia
Ivanovo,56.9967,40.9819,401505,Russia
Bryansk,53.2333,34.3667,399579,Russia
Surgut,61.25,73.4333,395900,Russia
Nizhniy Tagil,57.9167,59.9667,353950,Russia
Vladimir,56.1286,40.4058,352347,Russia
Arkhangelsk,64.5333,40.5333,351488,Russia
Chita,52.05,113.4667,349983,Russia
Belgorod,50.6,36.6,333931,Russia
Kaluga,54.55,36.2833,331842,Russia
Volzhskiy,48.8056,44.7417,326055,Russia
Smolensk,54.7828,32.0453,320170,Russia
Saransk,54.1833,45.1833,318841,Russia
Cherepovets,59.1167,37.9,317970,Russia
Vologda,59.2167,39.9,312420,Russia
Yakutsk,62.03,129.73,311760,Russia
Kurgan,55.4667,65.35,309285,Russia
Vladikavkaz,43.04,44.6775,306978,Russia
Orël,52.9686,36.0694,303696,Russia
Podolsk,55.4311,37.5456,302831,Russia
Groznyy,43.3125,45.6986,291687,Russia
Tambov,52.7231,41.4539,289701,Russia
Sterlitamak,53.6333,55.95,280233,Russia
Nizhnevartovsk,60.95,76.6,278725,Russia
Petrozavodsk,61.7833,34.3333,278551,Russia
Kostroma,57.7681,40.9269,277393,Russia
Novorossiysk,44.7167,37.7833,273278,Russia
Murmansk,68.9706,33.075,267422,Russia
Yoshkar-Ola,56.65,47.8833,266675,Russia
Nalchik,43.4833,43.6167,265162,Russia
Engels,51.5017,46.1222,264990,Russia
Khimki,55.8892,37.445,257006,Russia
Taganrog,47.2167,38.9167,250287,Russia
Komsomol’sk-na-Amure,50.5667,137,249810,Russia
Syktyvkar,61.6667,50.8167,245313,Russia
Nizhnekamsk,55.6333,51.8167,237250,Russia
Shakhty,47.7,40.2333,235492,Russia
Bratsk,56.1167,101.6,231602,Russia
Dzerzhinsk,56.2333,43.45,230639,Russia
Noginsk,64.4833,91.2333,229731,Russia
Orsk,51.2,58.5667,229255,Russia
Kolpino,59.7333,30.6,225801,Russia
Blagoveshchensk,50.25,127.5333,224419,Russia
Staryy Oskol,51.3,37.8333,223360,Russia
Angarsk,52.55,103.9,222855,Russia
Velikiy Novgorod,58.55,31.2667,222594,Russia
Korolëv,55.9167,37.8167,221797,Russia
Mytishchi,55.9167,37.7667,211606,Russia
Pskov,57.8167,28.3333,209840,Russia
Lyubertsy,55.6783,37.8944,207349,Russia
Biysk,52.5333,85.2167,200629,Russia
Yuzhno-Sakhalinsk,46.9667,142.7333,194882,Russia
Armavir,45,41.1167,190709,Russia
Rybinsk,58.05,38.8333,190429,Russia
Prokopyevsk,53.8833,86.7167,190334,Russia
Balakovo,52.0333,47.7833,189829,Russia
Abakan,53.7167,91.4667,181709,Russia
Norilsk,69.3333,88.2167,179554,Russia
Krasnogorsk,55.8217,37.3386,175812,Russia
Syzran,53.1667,48.4667,173260,Russia
Volgodonsk,47.5167,42.15,171471,Russia
Ussuriysk,43.8,131.9667,170660,Russia
Kamensk-Ural’skiy,56.4,61.9333,168997,Russia
Novocherkassk,47.4222,40.0939,168022,Russia
Zlatoust,55.1667,59.6667,166885,Russia
Petropavlovsk-Kamchatskiy,53.0167,158.65,164900,Russia
Elektrostal,55.7833,38.4667,158508,Russia
Severodvinsk,64.5667,39.8667,157213,Russia
Almetyevsk,54.9,52.3,155988,Russia
Salavat,53.3667,55.9333,153181,Russia
Miass,55,60.1,151275,Russia
Orekhovo-Borisovo Yuzhnoye,55.6,37.7333,147713,Russia
Kopeysk,55.1,61.6167,147573,Russia
Odintsovo,55.6667,37.2667,146574,Russia
Pyatigorsk,44.05,43.0667,145836,Russia
Kolomna,55.0833,38.7833,144125,Russia
Nakhodka,42.8167,132.8667,142673,Russia
Berezniki,59.4167,56.7833,141276,Russia
Khasavyurt,43.25,46.5833,141259,Russia
Rubtsovsk,51.5167,81.2,139565,Russia
Maykop,44.6,40.0833,139084,Russia
Kovrov,56.3683,41.3108,137594,Russia
Kislovodsk,43.9167,42.7167,128779,Russia
Nefteyugansk,61.0833,72.7,128159,Russia
Domodedovo,55.44,37.7619,127850,Russia
Neftekamsk,56.1417,54.4667,126805,Russia
Bataysk,47.1667,39.7333,126769,Russia
Novocheboksarsk,56.1333,47.5,126626,Russia
Serpukhov,54.9167,37.4,125817,Russia
Shchelkovo,55.9167,38,125634,Russia
Novomoskovsk,54.0833,38.2167,124787,Russia
Kaspiysk,42.8803,47.6383,123988,Russia
Derbent,42.05,48.3,123720,Russia
Pervouralsk,56.9167,59.9333,123655,Russia
Cherkessk,44.2167,42.05,122395,Russia
Orekhovo-Zuyevo,55.8,38.9667,118309,Russia
Nazran,43.2167,44.7667,117936,Russia
Nevinnomyssk,44.6333,41.9333,116751,Russia
Ramenskoye,55.5667,38.2167,116077,Russia
Dimitrovgrad,54.1833,49.5833,116055,Russia
Kyzyl,51.7167,94.45,116015,Russia
Obninsk,55.0931,36.6106,115029,Russia
Oktyabr’skiy,54.4667,53.4667,113929,Russia
Novyy Urengoy,66.0833,76.6833,113254,Russia
Yessentuki,44.0333,42.85,113056,Russia
Kamyshin,50.0833,45.4,111100,Russia
Murom,55.5667,42.0333,109072,Russia
Dolgoprudnyy,55.9333,37.5,108861,Russia
Novoshakhtinsk,47.7667,39.9167,108345,Russia
Zhukovskiy,55.5972,38.1203,107994,Russia
Seversk,56.6,84.85,107922,Russia
Reutov,55.7622,37.8567,106990,Russia
Noyabrsk,63.2,75.45,106879,Russia
Artëm,43.3667,132.2,106692,Russia
Khanty-Mansiysk,61,69,105995,Russia
Pushkino,56.0167,37.8333,105479,Russia
Achinsk,56.2817,90.5039,105264,Russia
Sergiyev Posad,56.315,38.1367,104579,Russia
Yelets,52.6167,38.4667,104349,Russia
Arzamas,55.4,43.8167,104140,Russia
Berdsk,54.75,83.1,103578,Russia
Elista,46.3167,44.2667,103535,Russia
Noginsk,55.85,38.4333,102592,Russia
Novokuybyshevsk,53.1,49.9333,102075,Russia
Zheleznogorsk,52.3333,35.3667,100740,Russia
Zelënodol’sk,55.85,48.5167,100009,Russia
Gatchina,59.5833,30.1333,94447,Russia
Magadan,59.5667,150.8,92782,Russia
Velikiye Luki,56.3333,30.5333,90922,Russia
Lobnya,56.0167,37.4833,88220,Russia
Buzuluk,52.7833,52.25,86187,Russia
Kineshma,57.4333,42.1333,83871,Russia
Kuznetsk,53.1167,46.6,82276,Russia
Yurga,55.7231,84.8861,81759,Russia
Ivanteyevka,55.9833,37.9333,76612,Russia
Chernogorsk,53.8167,91.3,75067,Russia
Birobidzhan,48.8,132.9333,73623,Russia
Kirovo-Chepetsk,58.55,50,72071,Russia
Georgiyevsk,44.15,43.4667,66436,Russia
Ishim,56.1167,69.5,65142,Russia
Buynaksk,42.8167,47.1167,65080,Russia
Gukovo,48.05,39.9167,64869,Russia
Gorno-Altaysk,51.95,85.9667,63214,Russia
Fryazino,55.95,38.05,60437,Russia
Lytkarino,55.5833,37.9,58606,Russia
Prokhladnyy,43.75,44.0333,57883,Russia
Shuya,56.85,41.3667,57039,Russia
Iskitim,54.64,83.3061,56602,Russia
Klimovsk,55.3667,37.5333,56239,Russia
Dzerzhinskiy,55.6333,37.85,55669,Russia
Volzhsk,55.8703,48.3561,54519,Russia
Salekhard,66.5333,66.6,51188,Russia
Moskovskiy,55.6,37.35,50167,Russia
Serravalle,43.9717,12.4817,10878,San Marino
Belgrade,44.82,20.46,1197714,Serbia
Novi Sad,45.2542,19.8425,380000,Serbia
Niš,43.3208,21.8958,183164,Serbia
Zemun,44.85,20.4,161596,Serbia
Kragujevac,44.0101,20.9172,150623,Serbia
Šabac,44.75,19.7,105432,Serbia
Smederevo,44.6667,20.9333,97930,Serbia
Valjevo,44.2667,19.8833,90312,Serbia
Loznica,44.5333,19.2258,86413,Serbia
Pančevo,44.8706,20.6403,73401,Serbia
Sremska Mitrovica,44.97,19.6125,72580,Serbia
Stara Pazova,44.9833,20.1667,71931,Serbia
Čačak,43.8833,20.35,71883,Serbia
Požarevac,44.6167,21.1833,68648,Serbia
Zrenjanin,45.3833,20.3894,67129,Serbia
Kraljevo,43.7236,20.6875,66688,Serbia
Novi Pazar,43.1378,20.5161,66527,Serbia
Užice,43.85,19.85,59747,Serbia
Kruševac,43.5806,21.3306,58745,Serbia
Lazarevac,44.3667,20.25,55146,Serbia
Vranje,42.55,21.9,55138,Serbia
Ruma,45,19.8333,54339,Serbia
Paraćin,43.8667,21.4167,54267,Serbia
Sombor,45.7833,19.1167,51471,Serbia
Bratislava,48.1439,17.1097,475503,Slovakia
Košice,48.7167,21.25,229040,Slovakia
Petržalka,48.1333,17.1167,114000,Slovakia
Žilina,49.2228,18.74,108000,Slovakia
Prešov,49.0017,21.2394,84824,Slovakia
Nitra,48.3069,18.0864,77610,Slovakia
Banská Bystrica,48.7353,19.1453,76018,Slovakia
Trnava,48.3775,17.5883,63803,Slovakia
Trenčín,48.8919,18.0367,54740,Slovakia
Martin,49.065,18.9219,51139,Slovakia
Ljubljana,46.0514,14.5061,284293,Slovenia
Maribor,46.5575,15.6456,97019,Slovenia
Madrid,40.4169,-3.7033,6211000,Spain
Barcelona,41.3828,2.1769,4800000,Spain
Valencia,39.47,-0.3764,1595000,Spain
Sevilla,37.39,-5.99,1100000,Spain
Málaga,36.7194,-4.42,967250,Spain
Bilbao,43.2569,-2.9236,775000,Spain
Zaragoza,41.65,-0.8833,682513,Spain
Murcia,37.9861,-1.1303,672773,Spain
Las Palmas,28.1258,-15.4353,635000,Spain
Palma,39.5667,2.65,550000,Spain
Santa Cruz,28.4667,-16.25,538000,Spain
Alicante,38.3453,-0.4831,349282,Spain
Córdoba,37.8845,-4.7796,323763,Spain
Valladolid,41.6528,-4.7236,297459,Spain
Vigo,42.2314,-8.7124,293652,Spain
Gijón,43.5333,-5.7,268313,Spain
Vitoria-Gasteiz,42.85,-2.6833,255886,Spain
A Coruña,43.365,-8.41,247604,Spain
Elche,38.2669,-0.6983,238293,Spain
Granada,37.1781,-3.6008,230595,Spain
Badalona,41.4489,2.2461,225957,Spain
Tarrasa,41.57,2.013,225277,Spain
Petrel,38.4789,-0.7967,218843,Spain
Sabadell,41.5486,2.1075,218300,Spain
Cartagena,37.6,-0.9833,218050,Spain
Oviedo,43.36,-5.845,217584,Spain
Jerez de la Frontera,36.6817,-6.1378,213231,Spain
Móstoles,40.3333,-3.8667,209639,Spain
Pamplona,42.8167,-1.65,205762,Spain
Almería,36.8403,-2.4681,200578,Spain
Alcalá de Henares,40.4667,-3.3667,196888,Spain
Leganés,40.3281,-3.7644,190665,Spain
Donostia,43.3214,-1.9856,188743,Spain
Fuenlabrada,40.2833,-3.8,188736,Spain
Getafe,40.3047,-3.7311,185899,Spain
Castellón de la Plana,39.9831,-0.0331,176238,Spain
Burgos,42.35,-3.7067,174451,Spain
Albacete,38.9956,-1.8558,173206,Spain
Santander,43.4628,-3.805,172726,Spain
Alcorcón,40.35,-3.8333,171772,Spain
Guadalajara,40.6337,-3.1674,161683,Spain
La Laguna,28.4853,-16.3167,159034,Spain
Marbella,36.5167,-4.8833,156295,Spain
Logroño,42.465,-2.4456,150583,Spain
Badajoz,38.8803,-6.9753,150190,Spain
Salamanca,40.965,-5.6642,143954,Spain
Lleida,41.6167,0.6333,143094,Spain
Huelva,37.25,-6.95,142532,Spain
Dos Hermanas,37.2836,-5.9222,138981,Spain
Tarragona,41.1175,1.2528,138262,Spain
Parla,40.2372,-3.7742,133004,Spain
Mataró,41.5333,2.45,129120,Spain
Torrejón de Ardoz,40.4614,-3.4978,127132,Spain
Algeciras,36.1275,-5.4539,123639,Spain
León,42.6056,-5.57,122051,Spain
Alcobendas,40.5333,-3.6333,117041,Spain
Jaén,37.7667,-3.7711,111888,Spain
Cádiz,36.535,-6.2975,111811,Spain
Reus,41.156,1.108,108479,Spain
Roquetas de Mar,36.7642,-2.6147,106510,Spain
Girona,41.9844,2.8211,104320,Spain
Ourense,42.3364,-7.8633,104250,Spain
Telde,27.9833,-15.4167,102769,Spain
San Vicente de Baracaldo,43.2972,-2.9917,101229,Spain
Vaciamadrid,40.3394,-3.5181,100250,Spain
Santiago de Compostela,42.8778,-8.5444,98687,Spain
Las Rozas de Madrid,40.4917,-3.8733,98086,Spain
San Cugat del Vallés,41.4667,2.0833,97530,Spain
San Fernando,36.4667,-6.2,93927,Spain
San Sebastián de los Reyes,40.5469,-3.6258,92734,Spain
Torrevieja,37.9778,-0.6833,89290,Spain
Torrente,39.4389,-0.4656,87295,Spain
Ciudad de Melilla,35.3,-2.95,86261,Spain
Toledo,39.8567,-4.0244,86070,Spain
Fuengirola,36.5417,-4.625,85598,Spain
Arona,28.1,-16.6667,85249,Spain
San Baudilio de Llobregat,41.336,2.043,83919,Spain
Ciudad de Ceuta,35.8883,-5.3156,83039,Spain
Valdemoro,40.1908,-3.6742,81394,Spain
Rubí,41.4933,2.0325,80044,Spain
Manresa,41.7294,1.8272,78877,Spain
Gandía,38.9667,-0.1833,78108,Spain
Benalmádena,36.6,-4.5167,75801,Spain
Avilés,43.5561,-5.9083,75518,Spain
Paterna,39.5028,-0.4406,73488,Spain
Majadahonda,40.4728,-3.8722,72548,Spain
Benidorm,38.5342,-0.1314,72342,Spain
Torremolinos,36.6218,-4.5003,70434,Spain
Castelldefels,41.286,1.982,68427,Spain
Villanueva y Geltrú,41.2242,1.7256,68152,Spain
Viladecáns,41.3158,2.0197,66677,Spain
Collado-Villalba,40.6333,-4.0083,65657,Spain
El Prat de Llobregat,41.3333,2.1,65516,Spain
Arrecife,28.9625,-13.5506,64497,Spain
La Línea de la Concepción,36.1681,-5.3486,63773,Spain
Granollers,41.608,2.288,63092,Spain
Irún,43.3378,-1.7888,62920,Spain
Boadilla del Monte,40.4069,-3.875,62627,Spain
San Vicente del Raspeig,38.3964,-0.5253,59928,Spain
Mérida,38.9,-6.3333,59461,Spain
Elda,38.4789,-0.7967,53034,Spain
Ibiza,38.9089,1.4328,51996,Spain
Mollet,41.539,2.213,51824,Spain
Torrelavega,43.3531,-4.0458,51361,Spain
Rincón de la Victoria,36.7167,-4.2833,51300,Spain
Stockholm,59.3294,18.0686,2121000,Sweden
Gothenburg,57.7075,11.9675,607882,Sweden
Malmö,55.6058,13.0358,360249,Sweden
Uppsala,59.8581,17.6447,166698,Sweden
Norrköping,58.6,16.2,137326,Sweden
Uppsala,59.8601,17.64,133117,Sweden
Västerås,59.6161,16.5528,128660,Sweden
Örebro,59.2739,15.2075,126604,Sweden
Linköping,58.4158,15.6253,115682,Sweden
Borås,57.7211,12.9403,114445,Sweden
Helsingborg,56.05,12.7167,113828,Sweden
Jönköping,57.7828,14.1606,112766,Sweden
Sundsvall,62.4,17.3167,99825,Sweden
Gävle,60.6747,17.1417,96969,Sweden
Umeå,63.825,20.2639,75643,Sweden
Södertälje,59.1958,17.6281,72704,Sweden
Halmstad,56.6739,12.8572,71422,Sweden
Eskilstuna,59.3708,16.5097,69948,Sweden
Karlskrona,56.1608,15.5861,66675,Sweden
Växjö,56.8769,14.8092,66275,Sweden
Karlstad,59.3783,13.5042,65856,Sweden
Täby,59.4333,18.0833,65364,Sweden
Trollhättan,58.2828,12.2892,59210,Sweden
Budapest,47.4925,19.0514,2997958,Hungary
Debrecen,47.53,21.6392,328642,Hungary
Székesfehérvár,47.1956,18.4089,272474,Hungary
Pécs,46.0711,18.2331,251412,Hungary
Győr,47.6842,17.6344,246159,Hungary
Szeged,46.255,20.145,239025,Hungary
Nyíregyháza,47.9531,21.7271,238020,Hungary
Kecskemét,46.9061,19.6897,187835,Hungary
Szombathely,47.2351,16.6219,147920,Hungary
Miskolc,48.0833,20.6667,145248,Hungary
Veszprém,47.093,17.9138,133880,Hungary
Kaposvár,46.3638,17.7823,112253,Hungary
Gödöllő,47.6,19.3667,104471,Hungary
Sopron,47.6849,16.5831,98479,Hungary
Érd,47.3784,18.922,70800,Hungary
Szolnok,47.1747,20.1965,67126,Hungary
Tatabánya,47.5862,18.3949,65874,Hungary
Zalaegerszeg,46.8392,16.8511,55433,Hungary
Békéscsaba,46.679,21.091,55091,Hungary
Eger,47.899,20.3747,50018,Hungary
Zürich,47.3744,8.5411,447082,Switzerland
Geneva,46.2017,6.1469,203840,Switzerland
Basel,47.5547,7.5906,173552,Switzerland
Lausanne,46.5198,6.6335,141418,Switzerland
Bern,46.9481,7.4475,134506,Switzerland
Winterthur,47.4989,8.7286,109775,Switzerland
Lucerne,47.05,8.3,81691,Switzerland
Sankt Gallen,47.4242,9.3708,75833,Switzerland
Biel/Bienne,47.1333,7.25,55159,Switzerland
Istanbul,41.0136,28.955,16079000,Turkey
Ankara,39.93,32.85,5503985,Turkey
İzmir,38.42,27.14,4320519,Turkey
Bursa,40.1833,29.05,2901396,Turkey
Konya,37.8667,32.4833,2232374,Turkey
Mersin,36.8,34.6333,1814468,Turkey
Adana,37,35.3213,1765981,Turkey
Diyarbakır,37.91,40.24,1732396,Turkey
Kayseri,38.7225,35.4875,1389680,Turkey
Samsun,41.2903,36.3336,1368488,Turkey
Balıkesir,39.6333,27.8833,1250610,Turkey
Denizli,37.7833,29.0964,1027782,Turkey
Çankaya,39.9244,32.8856,942553,Turkey
Keçiören,40,32.8667,939279,Turkey
Osmangazi,40.1983,29.06,891250,Turkey
Esenyurt,41.0342,28.68,891120,Turkey
Eskişehir,39.7767,30.5206,871187,Turkey
Seyhan,36.9831,35.3328,795012,Turkey
Erzurum,39.9086,41.2769,767848,Turkey
Trabzon,41.005,39.7225,758237,Turkey
Bağcılar,41.0344,28.8564,734369,Turkey
Umraniye,41.0311,29.1081,732379,Turkey
Yenimahalle,39.9719,32.8119,704652,Turkey
Pendik,40.8747,29.235,693599,Turkey
Mamak,39.9422,32.9231,687535,Turkey
Selçuklu,37.8814,32.4922,648850,Turkey
Yıldırım,40.11,29.0821,643681,Turkey
Etimesgut,39.9458,32.6694,614891,Turkey
Yukarıkaraman,36.9167,30.6833,608675,Turkey
Melikgazi,38.7167,35.5,594344,Turkey
Sincan,39.9594,32.5767,572609,Turkey
Nilüfer,40.2833,28.95,536365,Turkey
Buca,38.35,27.1667,522404,Turkey
Şanlıurfa,37.1583,38.7917,482323,Turkey
Küçükçekmece,41,28.8,469431,Turkey
Kartal,40.8872,29.19,461155,Turkey
Bornova,38.4697,27.2211,454470,Turkey
Demiryol,37.887,41.132,452157,Turkey
Erköklü,37.887,41.132,452157,Turkey
Batman,37.887,41.132,445874,Turkey
Esenler,41.0339,28.8903,444561,Turkey
Kahramanmaraş,37.5833,36.9333,443575,Turkey
Kâğıthane,41.0719,28.9664,437026,Turkey
Avcılar,40.9792,28.7214,435625,Turkey
Malatya,38.3486,38.3194,426381,Turkey
Elazığ,38.6744,39.2228,421726,Turkey
Altındağ,39.9636,32.9033,413994,Turkey
Kocasinan,38.7333,35.4833,409005,Turkey
Bağlar,37.9167,40.1833,406471,Turkey
Yüreğir,36.9981,35.3439,404726,Turkey
Manisa,38.6144,27.4292,385452,Turkey
Hatay,36.2025,36.1606,377793,Turkey
Gaziantep,37.0628,37.3792,374290,Turkey
Gebze,40.8,29.4333,371000,Turkey
Sivas,39.75,37.0167,365274,Turkey
Alanya,36.55,32,364180,Turkey
Kocaeli,40.7625,29.9175,363416,Turkey
Kayapınar,37.95,40.1667,362407,Turkey
Konak,38.4189,27.1285,356563,Turkey
Van,38.4942,43.38,353419,Turkey
Pamukkale,37.9167,29.1167,347926,Turkey
Karşıyaka,38.4594,27.1153,346264,Turkey
Sarıyer,41.1669,29.0572,342503,Turkey
Meram,37.8364,32.4383,342315,Turkey
Beylikdüzü,41.0011,28.6419,331525,Turkey
Sultanbeyli,40.9683,29.2617,327798,Turkey
Yeşilyurt,38.2961,38.2489,304839,Turkey
Afyonkarahisar,38.7578,30.5386,299673,Turkey
Battalgazi,38.4228,38.3656,295821,Turkey
Güngören,41.0225,28.8717,289331,Turkey
Sakarya,40.7833,30.4,281489,Turkey
İnegöl,40.0806,29.5097,281384,Turkey
Çorlu,41.15,27.8,279251,Turkey
Arnavutköy,41.1856,28.7406,270549,Turkey
Bayat,40.5455,34.957,269595,Turkey
Adıyaman,37.7639,38.2778,267131,Turkey
Kütahya,39.4167,29.9833,266784,Turkey
Osmaniye,37.075,36.25,264373,Turkey
Aydın,37.8481,27.8453,259027,Turkey
Isparta,37.7647,30.5567,258375,Turkey
Siverek,37.75,39.3167,258265,Turkey
Antalya,36.8874,30.7075,258139,Turkey
Tuzla,40.8161,29.3006,255468,Turkey
Aksaray,38.3742,34.0289,253113,Turkey
Kızıltepe,37.1939,40.5861,252656,Turkey
Çekme,41.0369,29.1786,251937,Turkey
İskenderun,36.5817,36.165,251682,Turkey
Büyükçekmece,41.02,28.5775,247736,Turkey
Beykoz,41.1342,29.0922,246700,Turkey
Düzce,40.8417,31.1583,240633,Turkey
Tarsus,36.9165,34.8951,238276,Turkey
Ordu,40.9833,37.8833,229214,Turkey
Uşak,38.6778,29.4042,228328,Turkey
Mezitli,36.75,34.5333,222436,Turkey
Sarıçam,37.0333,35.4167,221733,Turkey
Yenişehir,37.9333,40.2333,219759,Turkey
Çiğli,38.4833,27.05,214065,Turkey
Tekirdağ,40.9778,27.5153,204001,Turkey
Menemen,38.6,27.0667,200904,Turkey
Viranşehir,37.2306,39.7653,195910,Turkey
Karaköprü,37.1847,38.7908,195552,Turkey
Muş,38.7333,41.4911,193394,Turkey
Kırıkkale,39.8417,33.5139,186960,Turkey
Bolu,40.7347,31.6075,184682,Turkey
Edirne,41.6769,26.5556,180327,Turkey
Torbalı,38.1619,27.3583,178772,Turkey
Bodrum,37.0378,27.4242,175000,Turkey
Akhisar,38.9239,27.84,173026,Turkey
Erciş,39.0311,43.3597,171000,Turkey
Talas,38.6833,35.5667,169214,Turkey
Karaman,37.1819,33.2181,168299,Turkey
Fethiye,36.6514,29.1231,167114,Turkey
Çerkezköy,41.2889,28.0042,166789,Turkey
Siirt,37.925,41.9458,166332,Turkey
Körfez,40.7833,29.7333,165503,Turkey
Manavgat,36.7833,31.4333,165114,Turkey
Tokat,40.3139,36.5542,163405,Turkey
Turgutlu,38.5,27.7,163223,Turkey
Nazilli,37.9125,28.3206,162737,Turkey
Gölcük,40.7172,29.8228,162584,Turkey
Salihli,38.4811,28.1392,161562,Turkey
Bingöl,38.8861,40.5017,160165,Turkey
Ceyhan,37.0289,35.8125,159955,Turkey
Erzincan,39.7464,39.4914,157452,Turkey
Edremit,39.5922,27.02,154487,Turkey
Bandırma,40.35,27.9667,154359,Turkey
Kırşehir,39.1456,34.1608,153511,Turkey
Nevşehir,38.6264,34.7139,153117,Turkey
Erdemli,36.6056,34.3111,151928,Turkey
Mahmutlu,39.7464,39.4914,150714,Turkey
Büyük Çakırman,39.7464,39.4914,150714,Turkey
Buğdaylı,39.7464,39.4914,150714,Turkey
Gölbaşı,39.7953,32.8028,150047,Turkey
Ağrı,39.7186,43.0508,149188,Turkey
Kastamonu,41.3764,33.7764,148931,Turkey
Lüleburgaz,41.4056,27.3569,148037,Turkey
Milas,37.3167,27.7833,147416,Turkey
Derince,40.7539,29.8231,146374,Turkey
Ereğli,37.5128,34.0483,145389,Turkey
Cizre,37.332,42.187,143124,Turkey
Nizip,37.01,37.7972,142389,Turkey
Bafra,41.5722,35.9147,142190,Turkey
Elbistan,38.2014,37.1883,141307,Turkey
Rize,41.0247,40.5222,141143,Turkey
Çarşamba,41.1992,36.7275,138840,Turkey
Silivri,41.0736,28.2478,137861,Turkey
Gaziemir,38.3214,27.1275,137754,Turkey
Iğdır,39.9208,44.0444,137613,Turkey
Yalova,40.6556,29.275,135355,Turkey
Silopi,37.2486,42.4703,134754,Turkey
Ödemiş,38.2311,27.9719,132511,Turkey
Karabük,41.1986,32.6264,131989,Turkey
Kuşadası,37.8597,27.2597,130835,Turkey
Kozan,37.45,35.8,130495,Turkey
Ergani,38.2692,39.7617,130105,Turkey
Çayırova,40.8,29.4167,129655,Turkey
Dörtyol,36.8428,36.2244,128941,Turkey
Edremit,38.4242,43.2561,127819,Turkey
Ünye,41.1272,37.2881,126702,Turkey
Karatepe,40.7333,29.9667,125974,Turkey
Giresun,40.9153,38.3894,125682,Turkey
Polatlı,39.5842,32.1472,125075,Turkey
Serik,36.9167,31.1,124335,Turkey
Kadirli,37.3697,36.1,124053,Turkey
Akçaabat,41.0167,39.55,123552,Turkey
Patnos,39.2358,42.8686,122833,Turkey
Kâhta,37.7803,38.6217,122774,Turkey
Ereğli,41.2792,31.4208,122282,Turkey
Doğubayazıt,39.5472,44.0833,121263,Turkey
Samandağ,36.085,35.9806,121109,Turkey
Kırıkhan,36.4975,36.3608,121028,Turkey
Gemlik,40.4317,29.1561,120245,Turkey
Söke,37.7508,27.4103,120217,Turkey
Yüksekova,37.569,44.283,119760,Turkey
Silifke,36.3761,33.9322,119303,Turkey
Bismil,37.8467,40.6661,118698,Turkey
Niğde,37.9667,34.6792,118186,Turkey
Kapaklı,41.3333,27.9667,116882,Turkey
Fatsa,41.0306,37.5,116154,Turkey
Nusaybin,37.075,41.2153,115586,Turkey
Amasya,40.65,35.8331,114921,Turkey
Midyat,37.4167,41.3697,113367,Turkey
Akçakale,36.7108,38.9478,113194,Turkey
Soma,39.1883,27.6089,108981,Turkey
Mudanya,40.3764,28.8833,108011,Turkey
Kemalpaşa,38.4278,27.4161,106298,Turkey
Yozgat,39.8208,34.8083,105167,Turkey
Alaşehir,38.35,28.5167,105145,Turkey
Suruç,36.9764,38.4269,104302,Turkey
Bergama,39.1167,27.1833,103185,Turkey
Gürsu,40.2144,29.1931,102601,Turkey
Mustafakemalpaşa,40.0353,28.4117,102284,Turkey
Tavşanlı,39.5333,29.4833,101903,Turkey
Zonguldak,41.4564,31.7986,101749,Turkey
Sur,37.9106,40.2358,100613,Turkey
Burdur,37.7194,30.2833,95436,Turkey
Çanakkale,40.1519,26.4056,90653,Turkey
Mardin,37.3131,40.735,86948,Turkey
Bilecik,40.1431,29.9792,81723,Turkey
Balçova,38.3856,27.0581,80721,Turkey
Kırklareli,41.7347,27.2253,79884,Turkey
Bartın,41.6344,32.3375,71485,Turkey
Kars,40.6078,43.0958,69293,Turkey
Narlıdere,38.3911,27.0028,62923,Turkey
Kilis,36.7167,37.1167,62472,Turkey
Hakkari,37.577,43.739,59484,Turkey
Sinop,42.0267,35.1511,57404,Turkey
Gümüşhane,40.4597,39.4778,57269,Turkey
Muğla,37.2167,28.3667,56619,Turkey
Şırnak,37.52,42.459,54955,Turkey
Bitlis,38.4,42.1083,52024,Turkey
Dublin,53.35,-6.2603,1263219,Ireland
Finglas,53.4597,-6.2181,330506,Ireland
Cork,51.8972,-8.47,222333,Ireland
Galway,53.2719,-9.0489,83456,Ireland
Tallaght,53.2886,-6.3572,81022,Ireland
Limerick,52.6653,-8.6238,58319,Ireland
Lucan,53.3544,-6.4486,57550,Ireland
Prizren,42.2128,20.7392,220128,Kosovo
Pristina,42.6633,21.1622,198897,Kosovo
Ferizaj,42.3667,21.1667,108610,Kosovo
Pejë,42.6603,20.2917,96450,Kosovo
Gjakovë,42.3833,20.4333,94556,Kosovo
Gjilan,42.4647,21.4669,90178,Kosovo
Podujevë,42.9105,21.1911,88499,Kosovo
Mitrovicë,42.8833,20.8667,85360,Kosovo
Lipjan,42.53,21.1386,77605,Kosovo
Vushtrri,42.8222,20.9694,69870,Kosovo
Suharekë,42.38,20.8219,59722,Kosovo
Gllogovc,42.6236,20.8939,58531,Kosovo
Rahovec,42.3994,20.6547,56208,Kosovo
Skenderaj,42.7333,20.7833,50858,Kosovo
Kyiv,50.45,30.5233,2952301,Ukraine
Kharkiv,49.9925,36.2311,1421125,Ukraine
Odesa,46.4775,30.7326,1010537,Ukraine
Dnipro,48.4675,35.04,968502,Ukraine
Donetsk,48.0028,37.8053,901645,Ukraine
Lviv,49.8425,24.0322,717273,Ukraine
Zaporizhzhia,47.85,35.1175,710052,Ukraine
Bazal’tove,50.6765,26.16,625543,Ukraine
Kryvyi Rih,47.91,33.39,603904,Ukraine
Sevastopol,44.605,33.5225,485386,Ukraine
Mykolaiv,46.975,31.995,470011,Ukraine
Mariupol,47.0958,37.5494,449498,Ukraine
Luhansk,48.5678,39.3031,417990,Ukraine
Vinnytsia,49.2333,28.4833,369739,Ukraine
Makiivka,48.0556,37.9611,343158,Ukraine
Simferopol,44.9519,34.1022,340540,Ukraine
Chernihiv,51.4939,31.2947,286899,Ukraine
Poltava,49.5894,34.5514,283402,Ukraine
Kherson,46.6425,32.625,279131,Ukraine
Khmelnytskyi,49.4167,27,274452,Ukraine
Cherkasy,49.4444,32.0597,269836,Ukraine
Sumy,50.9119,34.8028,265758,Ukraine
Chernivtsi,48.3,25.9333,265471,Ukraine
Zhytomyr,50.25,28.6667,261624,Ukraine
Horlivka,48.3,38.05,256714,Ukraine
Rivne,50.6192,26.2519,245289,Ukraine
Ivano-Frankivsk,48.9228,24.7106,238196,Ukraine
Kropyvnytskyi,48.5,32.2667,227413,Ukraine
Kamianske,48.5167,34.6167,226845,Ukraine
Ternopil,49.5667,25.6,225238,Ukraine
Kremenchuk,49.0631,33.4039,220174,Ukraine
Lutsk,50.75,25.3358,215986,Ukraine
Bila Tserkva,49.7989,30.1153,208944,Ukraine
Sievierodonetsk,48.9481,38.4933,150000,Ukraine
Kerch,45.3619,36.4711,149566,Ukraine
Melitopol,46.8489,35.3675,148851,Ukraine
Kramatorsk,48.7392,37.5839,147145,Ukraine
Khrustalnyi,48.1214,38.9453,124000,Ukraine
Uzhhorod,48.6239,22.295,115449,Ukraine
Sloviansk,48.8533,37.625,113196,Ukraine
Brovary,50.5111,30.79,109473,Ukraine
Yevpatoriia,45.1939,33.3681,108248,Ukraine
Berdiansk,46.7556,36.7889,106311,Ukraine
Alchevsk,48.4778,38.7978,105398,Ukraine
Nikopol,47.5667,34.4,105160,Ukraine
Pavlohrad,48.5167,35.8667,101430,Ukraine
Kamianets-Podilskyi,48.6833,26.5833,100462,Ukraine
Lysychansk,48.9167,38.4,96161,Ukraine
Dovzhansk,48.0778,39.6472,95153,Ukraine
Mukacheve,48.45,22.75,85569,Ukraine
Konotop,51.2167,33.2,84787,Ukraine
Uman,48.75,30.2167,82154,Ukraine
Yenakiieve,48.2167,38.2,79348,Ukraine
Yalta,44.4994,34.17,79272,Ukraine
Shostka,51.8667,33.4833,76788,Ukraine
Stakhanov,48.5681,38.6586,75745,Ukraine
Drohobych,49.35,23.5,74610,Ukraine
Kostiantynivka,48.5333,37.7167,72888,Ukraine
Bakhmut,48.5947,38.0008,71094,Ukraine
Fedosiia,45.0342,35.3792,69145,Ukraine
Kovel,51.2167,24.7167,67575,Ukraine
Nizhyn,51.0381,31.8861,66981,Ukraine
Smila,49.2117,31.8731,65675,Ukraine
Chervonohrad,50.3867,24.2289,64297,Ukraine
Pokrovsk,48.2828,37.1828,63437,Ukraine
Pervomaisk,48.0439,30.85,63377,Ukraine
Korosten,50.95,28.6333,61496,Ukraine
Kolomyia,48.5306,25.0403,61269,Ukraine
Rubizhne,49.01,38.3714,59951,Ukraine
Khartsyzk,48.0428,38.1425,59763,Ukraine
Druzhkivka,48.6214,37.5278,59400,Ukraine
Chornomorsk,46.3017,30.6569,57983,Ukraine
Bilhorod-Dnistrovskyi,46.1833,30.35,57210,Ukraine
Irpin,50.5167,30.25,56806,Ukraine
Chystiakove,48.0219,38.6264,55511,Ukraine
Stryi,49.25,23.85,55100,Ukraine
Novohrad-Volynskyi,50.5833,27.6333,55086,Ukraine
Lozova,48.8833,36.3833,54026,Ukraine
Antratsyt,48.1192,39.09,52353,Ukraine
Horishni Plavni,49.0167,33.6667,52167,Ukraine
Myrnohrad,48.2911,37.2681,50360,Ukraine
London,51.5072,-0.1275,11262000,United Kingdom
Birmingham,52.48,-1.9025,2919600,United Kingdom
Portsmouth,50.8058,-1.0872,855679,United Kingdom
Southampton,50.9025,-1.4042,855569,United Kingdom
Nottingham,52.9561,-1.1512,729977,United Kingdom
Bristol,51.4536,-2.5975,707412,United Kingdom
Manchester,53.479,-2.2452,547627,United Kingdom
Liverpool,53.4094,-2.9785,513441,United Kingdom
Leicester,52.6344,-1.1319,508916,United Kingdom
Worthing,50.8147,-0.3714,474485,United Kingdom
Coventry,52.4081,-1.5106,362690,United Kingdom
Belfast,54.5964,-5.93,345006,United Kingdom
Bradford,53.8,-1.75,293277,United Kingdom
Derby,52.9247,-1.478,270468,United Kingdom
Plymouth,50.3714,-4.1422,267918,United Kingdom
Westminster,51.4947,-0.1353,255324,United Kingdom
Wolverhampton,52.5833,-2.1333,250970,United Kingdom
Northampton,52.2304,-0.8938,245899,United Kingdom
Norwich,52.6286,1.2928,213166,United Kingdom
Luton,51.8783,-0.4147,213052,United Kingdom
Solihull,52.413,-1.778,206674,United Kingdom
Islington,51.544,-0.1027,206125,United Kingdom
Aberdeen,57.15,-2.11,200680,United Kingdom
Croydon,51.3727,-0.1099,192064,United Kingdom
Bournemouth,50.72,-1.88,187503,United Kingdom
Basildon,51.58,0.49,185900,United Kingdom
Maidstone,51.272,0.529,176700,United Kingdom
Ilford,51.5575,0.0858,168168,United Kingdom
Warrington,53.39,-2.59,165456,United Kingdom
Oxford,51.75,-1.25,152000,United Kingdom
Harrow,51.5836,-0.3464,149246,United Kingdom
West Bromwich,52.519,-1.995,146386,United Kingdom
Gloucester,51.8667,-2.25,145563,United Kingdom
York,53.96,-1.08,141685,United Kingdom
Blackpool,53.8142,-3.0503,139305,United Kingdom
Stockport,53.4083,-2.1494,137130,United Kingdom
Sale,53.424,-2.322,134022,United Kingdom
Tottenham,51.5975,-0.0681,129237,United Kingdom
Cambridge,52.2053,0.1192,123867,United Kingdom
Romford,51.5768,0.1801,122854,United Kingdom
Colchester,51.8917,0.903,121859,United Kingdom
High Wycombe,51.6287,-0.7482,120256,United Kingdom
Gateshead,54.9556,-1.6,120046,United Kingdom
Slough,51.5084,-0.5881,119070,United Kingdom
Blackburn,53.748,-2.482,117963,United Kingdom
Chelmsford,51.73,0.48,115369,United Kingdom
Rochdale,53.61,-2.16,110194,United Kingdom
Rotherham,53.43,-1.357,109691,United Kingdom
Walthamstow,51.584,-0.021,109424,United Kingdom
Basingstoke,51.2667,-1.0876,107355,United Kingdom
Salford,53.483,-2.2931,103886,United Kingdom
Hounslow,51.4668,-0.375,103337,United Kingdom
Wembley,51.5528,-0.2979,102856,United Kingdom
Worcester,52.1911,-2.2206,101891,United Kingdom
Hammersmith,51.4928,-0.2229,95996,United Kingdom
Rayleigh,51.5864,0.6049,95580,United Kingdom
Hemel Hempstead,51.7526,-0.4692,94932,United Kingdom
Bath,51.38,-2.36,94782,United Kingdom
Hayes,51.5127,-0.4211,93928,United Kingdom
Darlington,54.527,-1.5526,93015,United Kingdom
Hove,50.8352,-0.1758,91900,United Kingdom
Hastings,50.85,0.57,91053,United Kingdom
Watford,51.655,-0.3957,90301,United Kingdom
Stevenage,51.9017,-0.2019,89663,United Kingdom
Hartlepool,54.69,-1.21,87995,United Kingdom
Chester,53.19,-2.89,87507,United Kingdom
Fulham,51.4828,-0.195,87161,United Kingdom
Nuneaton,52.523,-1.468,86552,United Kingdom
Ealing,51.5175,-0.2988,85014,United Kingdom
Aylesbury,51.8168,-0.8124,83407,United Kingdom
Edmonton,51.6154,-0.0708,82472,United Kingdom
Saint Albans,51.755,-0.336,82146,United Kingdom
Burnley,53.789,-2.248,82002,United Kingdom
Batley,53.7167,-1.6356,80485,United Kingdom
Scunthorpe,53.5809,-0.6502,79977,United Kingdom
Dudley,52.508,-2.089,79379,United Kingdom
Brixton,51.4575,-0.1175,78536,United Kingdom
Southall,51.5111,-0.3756,78253,United Kingdom
Paisley,55.8456,-4.4239,77220,United Kingdom
Chatham,51.37,0.52,76792,United Kingdom
East Ham,51.5323,0.0554,76186,United Kingdom
Weston-super-Mare,51.346,-2.977,76143,United Kingdom
Carlisle,54.8947,-2.9364,75399,United Kingdom
South Shields,54.995,-1.43,75337,United Kingdom
East Kilbride,55.7644,-4.1769,75120,United Kingdom
Burton upon Trent,52.8019,-1.6367,75074,United Kingdom
Harrogate,53.9919,-1.5378,73576,United Kingdom
Crewe,53.099,-2.44,73241,United Kingdom
Lowestoft,52.48,1.75,70945,United Kingdom
Rugby,52.37,-1.26,70627,United Kingdom
Chingford,51.623,0.009,70583,United Kingdom
Uxbridge,51.5404,-0.4778,70560,United Kingdom
Walsall,52.58,-1.98,67594,United Kingdom
Grays,51.475,0.33,66843,United Kingdom
Walton upon Thames,51.3868,-0.4133,66566,United Kingdom
Thornton Heath,51.4002,-0.1086,65812,United Kingdom
Finchley,51.599,-0.187,65812,United Kingdom
Kensington,51.5,-0.19,64681,United Kingdom
Boston,52.974,-0.0214,64600,United Kingdom
Paignton,50.4353,-3.5625,64410,United Kingdom
Waterlooville,50.88,-1.03,64350,United Kingdom
Guiseley,53.875,-1.706,64000,United Kingdom
Hornchurch,51.5565,0.2128,63583,United Kingdom
Mitcham,51.4009,-0.1517,63393,United Kingdom
Feltham,51.4496,-0.4089,63368,United Kingdom
Stourbridge,52.4575,-2.1479,63298,United Kingdom
Rochester,51.375,0.5,62982,United Kingdom
Dewsbury,53.691,-1.633,62945,United Kingdom
Acton,51.5135,-0.2707,62480,United Kingdom
Twickenham,51.449,-0.337,62148,United Kingdom
Wrecsam,53.046,-2.993,61603,United Kingdom
Ellesmere Port,53.279,-2.897,61090,United Kingdom
Bangor,54.66,-5.67,61011,United Kingdom
Taunton,51.019,-3.1,60479,United Kingdom
Loughborough,52.7725,-1.2078,59932,United Kingdom
Barking,51.54,0.08,59068,United Kingdom
Edgware,51.6185,-0.2729,58619,United Kingdom
Littlehampton,50.8094,-0.5409,58357,United Kingdom
Ruislip,51.576,-0.433,58217,United Kingdom
Streatham,51.4279,-0.1235,58055,United Kingdom
Royal Tunbridge Wells,51.132,0.263,57772,United Kingdom
Bebington,53.35,-3.003,57336,United Kingdom
Macclesfield,53.25,-2.13,56581,United Kingdom
Wellingborough,52.3028,-0.6944,56564,United Kingdom
Kettering,52.3931,-0.7229,56226,United Kingdom
Braintree,51.878,0.55,55792,United Kingdom
Royal Leamington Spa,52.2919,-1.5358,55733,United Kingdom
Barrow in Furness,54.1108,-3.2261,55489,United Kingdom
Dunfermline,56.0719,-3.4393,53100,United Kingdom
Altrincham,53.3838,-2.3547,52419,United Kingdom
Lancaster,54.0489,-2.8014,52234,United Kingdom
Crosby,53.4872,-3.0343,51789,United Kingdom
Bootle,53.4457,-2.9891,51394,United Kingdom
Stratford,51.5423,-0.0026,51387,United Kingdom
Folkestone,51.0792,1.1794,51337,United Kingdom
Cumbernauld,55.945,-3.994,50920,United Kingdom
Andover,51.208,-1.48,50887,United Kingdom
Neath,51.66,-3.81,50658,United Kingdom
Rowley Regis,52.488,-2.05,50257,United Kingdom
Scarborough,54.2825,-0.4,50135,United Kingdom
Leith,55.98,-3.17,50030,United Kingdom